Type,Pos,Width,Rotate,Attr
connection,1048.25_146.75,33_16,0,tank2_3|_|gauge2_6|_|M8#8_L25#8_|_|#000000|_|2|_|33#16
connection,1047.25_172.25,32.5_16,0,gauge2_6|_|tank2_3|_|M24.5#8_L8#8_|_|#000000|_|2|_|32.5#16
connection,922.75_222.25,55_82,0,tank3_5|_|valve5_14|_|M8#56_L8#74_L31#74_L31#8_L47#8_|_|#33cccc|_|3|_|55#82
connection,936.75_242.25,32.5_38,0,gauge2_4|_|gauge2_4|_|M10#8_L24.5#8_L24.5#30_L8#30_|_|#000000|_|2|_|32.5#38
connection,1012.25_237.75,32_37,0,gauge2_5|_|gauge2_5|_|M12#29_L24#29_L24#8_L8#8_|_|#000000|_|2|_|32#37
connection,896.25_458.5,31.5_42,0,gauge2_1|_|gauge2_1|_|M23#8_L8#8_L8#34_L23.5#34_|_|#000000|_|2|_|31.5#42
connection,319.83331298828125_556,44.91668701171876_17.528463224085368,0,valve5_32|_|connection_26|_|M33#8_L8#8_|_|#33ff66|_|3|_|41#16
connection,319.75_542,63_16,0,valve5_31|_|connection_26|_|M55#8_L8#8_|_|#33ff66|_|3|_|63#16
connection,396.25_522.5,62.58331298828125_15.524542756782946,0,root|_||_|M56.5#8_L8#8_|_|#33ff66|_|3|_|64.5#16
monitoring,315.26710826131614_534.7702211024223,5.269714516,270,undefined
monitoring,314.3269503980679_558.9325247303931,5.269714516,270,undefined
monitoring,115.82826806949441_324.40037370468565,5.269714516,90,undefined
monitoring,684.4147085849996_22.733347721005515,3.705028543,270,undefined
monitoring,1036.9452548351749_378.26352308707294,3.58428547,90,undefined
monitoring,941.6253310550036_171.5956131791812,3.705028543,270,undefined
connection,922.75_153.25,35_65.5,0,root|_|tank3_5|_|M27#8_L27#57.5_L8#57.5_|_|#33cccc|_|3|_|35#65.5
monitoring,1028.5699683607168_139.7492198623561,4.333027453,0,undefined
monitoring,1012.7823408088087_435.3385303315296,3.58428547,270,undefined
connection,919.75_374,120.5_27,0,valve5_29|_|nozzle_0|_|M8#8_L78#8_L78#19_L112.5#19_|_|#990000|_|3|_|120.5#27
connection,940.75_367,119.49999999999999_51.49999999999999,0,valve1_37|_|connection_202|_|M111.5#8_L8#8_L8#43.5_|_|#33cccc|_|3|_|119.5#51.5
connection,891.25_495.5,39_16,0,valve5_25|_|tank2_4|_|M8#8_L31#8_|_|#33cccc|_|3|_|39#16
monitoring,1046.8767667055092_521.4057083427888,3.58428547,90,undefined
monitoring,885.4730105584737_416.4804628484725,3.58428547,0,undefined
connection,1022.25_449,89_64,0,connection_209|_||_|M81#56_L81#8_L8#8_L23#8_|_|#33cccc|_|3|_|89#64
connection,1044.75_366.5,33.5_145.5,0,connection_208|_||_|M25.5#137.5_L25.5#8_L8#8_|_|#33cccc|_|3|_|33.5#145.5
connection,857.25_374,64.5_16,0,root|_||_|M8#8_L56.5#8_|_|#990000|_|3|_|64.5#16
connection,1036.25_497,57_16,0,bucket_8|_||_|M8#8_L49#8_|_|#33cccc|_|3|_|57#16
connection,1082.25_495.5,38_17,0,valve1_36|_|root|_|M8#9_L30#9_L22.5#9_L22.5#8_|_|#33cccc|_|3|_|38#17
connection,869.25_387.5,28_30,0,valve5_28|_|connection_204|_|M20#8_L8#8_L8#22_|_|#33cccc|_|3|_|28#30
connection,898.25_387.5,29.5_29,0,connection_202|_||_|M21.5#21_L21.5#8_L8#8_|_|#33cccc|_|3|_|29.5#29
connection,976.75_402,53.49999999999999_16,0,bucket_9|_||_|M45.5#8_L8#8_|_|#33cccc|_|3|_|53.5#16
connection,898.25_402,89_16,0,valve1_35|_||_|M81#8_L8#8_|_|#33cccc|_|3|_|89#16
connection,862.25_401.5,39.5_16.5,0,valve5_27|_|root|_|M31.5#8.5_L8#8.5_L16.5#8.5_L16.5#8_|_|#33cccc|_|3|_|39.5#16.5
connection,859.75_419.5,54.5_16,0,root|_||_|M8#8_L46.5#8_|_|#33cccc|_|3|_|54.5#16
connection,910.25_420,118_16,0,valve5_26|_|bucket_9|_|M8#8_L110#8_|_|#33cccc|_|3|_|118#16
connection,973.75_443.5,30_43,0,connection_5|_||_|M22#35_L22#8_L8#8_|_|#33cccc|_|3|_|30#43
connection,874.75_442,115_69,0,valve1_34|_|connection_0|_|M107#8_L8#8_L8#61_|_|#33cccc|_|3|_|115#69
monitoring,1013.0084608034407_496.5766191392191,3.58428547,270,undefined
monitoring,856.4453587496274_492.15948901929215,3.58428547,0,undefined
monitoring,872.6602799320293_492.1474632174531,3.58428547,0,undefined
monitoring,865.1662185515771_506.1582695058089,3.58428547,180,undefined
connection,840.75_495.5,54.5_16,0,root|_||_|M8#8_L46.5#8_|_|#33cccc|_|3|_|54.5#16
connection,924.75_505.5,63.5_42,0,valve1_33|_||_|M55.5#34_L8#34_L8#8_|_|#33cccc|_|3|_|63.5#42
connection,977.75_531.5,60_16,0,bucket_8|_||_|M52#8_L8#8_|_|#33cccc|_|3|_|60#16
connection,923.25_470,61.5_16,0,valve1_32|_|tank2_4|_|M53.5#8_L8#8_|_|#33cccc|_|3|_|61.5#16
connection,971.75_470,58_49.5,0,bucket_8|_|valve1_32|_|M50#41.5_L50#8_L8#8_|_|#33cccc|_|3|_|58#49.5
connection,317.5_354,722_235,0,tank3_1|_||_|M8#165_L8#227_L517#227_L517#8_L714#8_L714#29_|_|#AAA|_|7|_|722#235
nozzle,1026.866497619761_381.366497619761,8.88350238,0,undefined
nozzle,1026.648802936122_463.3645051132178,8.88350238,0,undefined
nozzle,1027.1721888086981_545.114823756662,8.88350238,0,undefined
connection,623.75_352,195.99999999999997_229,0,valve9_10|_|connection_154|_|M8#78_L42.5#78_L42.5#221_L188#221_L188#8_L105#8_|_|#000000|_|2|_|196#229
connection,815.25_-3,17_25.5,0,valve5_9|_|root|_|M9#17.5_L9#8_L9#11.5_L8#11.5_|_|#990000|_|3|_|17#25.5
connection,623.25_404,110.5_169.5,0,valve9_8|_|bucket_7|_|M8#8_L66.5#8_L66.5#161.5_L102.5#161.5_L102.5#143_|_|#000000|_|2|_|110.5#169.5
connection,747.75_351.5,16_30.5,0,valve7_4|_|connection_207|_|M8#22.5_L8#8_|_|#000000|_|2|_|16#30.5
connection,721.75_371.5,41.5_22.5,0,root|_|bucket_5|_|M33.5#8_L33.5#14.5_L8#14.5_|_|#000000|_|2|_|41.5#22.5
connection,759.25_385.5,39_16,0,valve3_3|_|connection_211|_|M8#8_L31#8_|_|#000000|_|2|_|39#16
connection,726.25_385.5,47.5_16,0,valve3_3|_|bucket_5|_|M39.5#8_L8#8_|_|#000000|_|2|_|47.5#16
connection,783.25_352.5,16_32.5,0,valve3_2|_|connection_207|_|M8#24.5_L8#8_|_|#000000|_|2|_|16#32.5
connection,783.25_370.5,16_90,0,valve3_1|_||_|M8#82_L8#8_|_|#000000|_|2|_|16#90
connection,740.75_463,41.5_16,0,valve3_0|_|connection_200|_|M33.5#8_L8#8_|_|#000000|_|2|_|41.5#16
connection,746.75_447.5,52.5_99.5,0,valve1_29|_||_|M8#91.5_L44.5#91.5_L44.5#8_|_|#000000|_|2|_|52.5#99.5
connection,768.25_463,32.5_16,0,valve3_0|_|connection_204|_|M8#8_L24.5#8_|_|#000000|_|2|_|32.5#16
connection,726.75_531.5,33_16,0,bucket_7|_||_|M8#8_L25#8_|_|#000000|_|2|_|33#16
connection,739.25_479,16_45.5,0,valve1_28|_|connection_197|_|M8#8_L8#37.5_|_|#0033cc|_|4|_|16#45.5
connection,739.25_443,16_48,0,valve1_28|_|connection_196|_|M8#40_L8#8_|_|#0033cc|_|4|_|16#48
connection,726.25_510,36.5_16,0,bucket_7|_||_|M8#8_L28.5#8_|_|#0033cc|_|4|_|36.5#16
connection,754.25_510.5,27_18,0,root|_|root|_|M8#8_L19#8_L19#10_|_|#0033cc|_|4|_|27#18
connection,750.75_444,25.5_16,0,root|_|valve1_27|_|M17.5#8_L8#8_|_|#0033cc|_|4|_|25.5#16
connection,724.75_444,38_16,0,valve1_27|_|bucket_6|_|M30#8_L8#8_|_|#0033cc|_|4|_|38#16
connection,733.75_405,16_32.5,0,valve1_26|_|root|_|M8#24.5_L8#8_L8#14_L8#14_|_|#0033cc|_|4|_|16#32.5
connection,722.75_422,27_30,0,bucket_6|_|valve1_26|_|M8#22_L19#22_L19#8_|_|#0033cc|_|4|_|27#30
connection,643.75_363.25,91.5_50.5,0,valve1_25|_|bucket_5|_|M8#8_L55.5#8_L55.5#42.5_L83.5#42.5_|_|#000000|_|2|_|91.5#50.5
connection,622.75_391.75,31.5_17,0,valve9_7|_|root|_|M8#8_L23.5#8_L11.5#8_L11.5#9_|_|#000000|_|2|_|31.5#17
connection,624.25_376.75,29.5_17.5,0,valve9_6|_|root|_|M8#8_L21.5#8_L15#8_L15#9.5_|_|#000000|_|2|_|29.5#17.5
connection,623.25_363.75,37.5_16,0,valve9_5|_|valve1_25|_|M8#8_L29.5#8_|_|#000000|_|2|_|37.5#16
connection,514.75_487,62.5_16,0,valve5_19|_|connection_131|_|M54.5#8_L8#8_|_|#0033cc|_|2|_|62.5#16
connection,513.25_514.5,63_16.258064516129032,0,valve5_20|_|connection_131|_|M54#8_L8#8_|_|#990000|_|2|_|62#16
connection,479.25_360,50.5_173,0,root|_|connection_139|_|M42.5#165_L42.5#8_L8#8_|_|#000000|_|2|_|50.5#173
connection,589.25_411,26_16,0,root|_|connection_166|_|M8#8_L18#8_|_|#660099|_|4|_|26#16
valve9,619.4682826366056_422.8603052416399,12.5268785,0,undefined
connection,587.25_386.5,30.5_16,0,valve5_22|_|connection_166|_|M8#8_L22.5#8_|_|#660099|_|4|_|30.5#16
connection,599.75_421.5,27.5_16,0,valve9_10|_|connection_166|_|M19.5#8_L8#8_|_|#000000|_|2|_|27.5#16
connection,600.75_404.5,28.5_16,0,valve9_8|_|connection_166|_|M20.5#8_L8#8_|_|#000000|_|2|_|28.5#16
connection,600.75_391.5,27_16,0,valve9_7|_|connection_166|_|M19#8_L8#8_|_|#000000|_|2|_|27#16
connection,601.25_377.5,27_16,0,valve9_6|_|connection_166|_|M19#8_L8#8_|_|#000000|_|2|_|27#16
connection,600.25_364,27.5_16,0,valve9_5|_|connection_166|_|M19.5#8_L8#8_|_|#000000|_|2|_|27.5#16
connection,559.25_411,33.5_16,0,root|_||_|M8#8_L25.5#8_|_|#660099|_|4|_|33.5#16
connection,559.25_386,35.08331298828124_16.756209188432834,0,root|_||_|M8#8_L25.5#8_|_|#660099|_|4|_|33.5#16
connection,716.75_495,16_35,0,valve1_23|_|bucket_7|_|M8#8_L8#27_|_|#AAA|_|6|_|16#35
connection,716.25_481,16_31,0,valve1_24|_||_|M8#8_L8#23_|_|#AAA|_|6|_|16#31
connection,716.25_461.5,16_41,0,bucket_6|_||_|M8#8_L8#33_|_|#AAA|_|6|_|16#41
connection,716.25_423.44272232055664,16.02777099609375_33.05727767944336,0,valve1_22|_|bucket_6|_|M8#8_L8#25_|_|#AAA|_|6|_|16#33
connection,716.25_411.5,16_32,0,valve1_21|_||_|M8#8_L8#24_|_|#AAA|_|6|_|16#32
connection,716.25_393,16_35,0,bucket_5|_|valve1_21|_|M8#8_L8#27_|_|#AAA|_|6|_|16#35
connection,633.75_199.87747730928308,125.08331298828125_161.87252269071692,0,valve1_20|_|connection_154|_|M8#8_L19.5#8_L19.5#118_L128#118_L128#168_L102#168_|_|#AAA|_|4|_|136#176
connection,620.25_184.25,17_32,0,valve1_20|_|root|_|M8#24_L8#8_L8#14.5_L9#14.5_|_|#0033cc|_|4|_|17#32
connection,620.25_187.75,16_37,0,valve1_20|_|connection_51|_|M8#8_L8#29_|_|#0033cc|_|4|_|16#37
connection,704.75_328,31_69.5,0,separator_2|_|bucket_5|_|M8#8_L23#8_L23#61.5_|_|#999999|_|6|_|31#69.5
connection,668.75_307,29.5_27.5,0,separator_2|_|root|_|M21.5#19.5_L8#19.5_L8#8_L8#17_L8.5#17_|_|#AAA|_|4|_|29.5#27.5
monitoring,589.7653607947802_350.40756770587626,3,0,undefined
connection,477.75_351.5,64_16,0,valve9_4|_|connection_139|_|M56#8_L8#8_|_|#000000|_|2|_|64#16
connection,609.25_450.5,31_16,0,valve9_3|_|connection_119|_|M23#8_L8#8_|_|#666666|_|2|_|31#16
connection,639.75_450.5,27_18.5,0,valve9_3|_|root|_|M8#8_L19#8_L19#10.5_|_|#666666|_|2|_|27#18.5
monitoring,613.0517400121636_443.9714496447382,3.58428547,270,undefined
monitoring,613.0326582778154_450.6883162482066,3.58428547,270,undefined
monitoring,620.542260643796_481.67102118344235,3.58428547,90,undefined
monitoring,621.1310249937206_497.7398644424255,3.58428547,90,undefined
monitoring,621.9593292505112_519.3848969863259,3.58428547,90,undefined
monitoring,620.6611307281472_537.9766494390661,3.58428547,90,undefined
connection,524.25_367.5,60.5_16,0,valve2_1|_||_|M8#8_L52.5#8_|_|#33ff66|_|2|_|60.5#16
connection,477.25_367.5,61.5_16,0,valve2_1|_|connection_139|_|M53.5#8_L8#8_|_|#33ff66|_|2|_|61.5#16
connection,477.75_323,70.5_24.499999999999996,0,valve9_0|_|valve2_0|_|M8#16.5_L8#8_L62.5#8_|_|#ffcc66|_|2|_|70.5#24.5
connection,443.25_347,46.99999999999999_25.97368421052632,0,root|_|connection_148|_|M8#8_L8#34_L68#34_|_|#33ff66|_|3|_|76#42
connection,477.75_341,16_50,0,tank3_3|_|valve9_0|_|M8#42_L8#8_|_|#ffcc66|_|2|_|16#50
connection,482.25_424,95_127,0,valve5_21|_|tank3_3|_|M87#119_L30#119_L30#8_L8#30_|_|#990000|_|2|_|95#127
connection,515.25_460,29.5_16,0,valve9_2|_|connection_131|_|M21.5#8_L8#8_|_|#666666|_|2|_|29.5#16
connection,493.75_408.5,72.5_40,0,valve9_1|_|tank3_3|_|M64.5#32_L64.5#8_L8#8_|_|#666666|_|2|_|72.5#40
connection,537.75_460,31_16,0,valve9_2|_|connection_123|_|M8#8_L23#8_|_|#666666|_|2|_|31#16
connection,597.25_535,27.5_16,0,valve7_3|_|connection_121|_|M8#8_L19.5#8_|_|#990000|_|2|_|27.5#16
connection,575.75_535,25_16,0,valve7_3|_||_|M17#8_L8#8_|_|#990000|_|2|_|25#16
connection,574.25_515,27_16,0,valve7_2|_||_|M19#8_L8#8_|_|#990000|_|2|_|27#16
connection,549.75_447.5,31.08331298828125_27.735879281850963,0,valve5_18|_||_|M24.5#21_L8#21_L8#8_|_|#666666|_|2|_|32.5#29
connection,593.75_515,33_16,0,root|_||_|M8#8_L25#8_|_|#990000|_|2|_|33#16
connection,570.25_487.5,31.5_16,0,valve7_1|_|valve5_19|_|M23.5#8_L8#8_|_|#0033cc|_|2|_|31.5#16
connection,591.75_487,35_16,0,valve7_1|_||_|M8#8_L27#8_|_|#0033cc|_|2|_|35#16
connection,593.75_458.6448194159836,33.08331298828125_17.355180584016395,0,valve7_0|_||_|M8#8_L22.5#8_|_|#666666|_|2|_|30.5#16
connection,571.25_460,33.5_16,0,valve7_0|_||_|M25.5#8_L8#8_|_|#666666|_|2|_|33.5#16
connection,535.75_323,39.5_16,0,valve10_0|_||_|M31.5#8_L8#8_|_|#ffcc66|_|2|_|39.5#16
connection,579.75_327,29.5_16,0,tank1_5|_||_|M21.5#8_L8#8_|_|#ffcc66|_|2|_|29.5#16
connection,995.25_313.25,108.5_26,0,root|_|root|_|M100.5#8_L100.5#18_L8#18_L34.5#18_L34.5#16_L34.5#16_|_|#ffcc66|_|3|_|108.5#26
connection,1087.75_272.75,16_45.5,0,tank3_8|_||_|M8#8_L8#37.5_|_|#ffcc66|_|3|_|16#45.5
connection,1039.25_87.75,62.5_127,0,tank2_3|_|tank3_8|_|M8#37_L8#8_L54.5#8_L54.5#119_|_|#ffcc66|_|3|_|62.5#127
connection,907.75_295.75,107.5_30.5,0,valve5_16|_|root|_|M99.5#8_L99.5#21.5_L8#21.5_L36#21.5_L36#22.5_|_|#33cccc|_|3|_|107.5#30.5
connection,999.25_263.25,16_37,0,tank3_7|_|valve5_16|_|M8#8_L8#29_|_|#33cccc|_|3|_|16#37
valve5,1002.0847579165757_290.4310555340308,16.26987312,90,undefined
connection,1039.25_216.25,16.5_32.5,0,valve5_15|_|root|_|M8#8_L8#24.5_L8#16_L8.5#16_|_|#33cccc|_|3|_|16.5#32.5
connection,1039.25_185.75,16_36,0,tank2_3|_|valve5_15|_|M8#8_L8#28_|_|#33cccc|_|3|_|16#36
connection,973.25_221.75,44.5_16,0,valve5_14|_|tank3_7|_|M8#8_L36.5#8_|_|#33cccc|_|3|_|44.5#16
connection,997.75_145.25,38.5_55.5,0,valve8_3|_|connection_118|_|M8#47.5_L8#38_L30.5#38_L30.5#8_|_|#ffcc66|_|3|_|38.5#55.5
connection,998.25_197.75,16_42.5,0,valve8_3|_|tank3_7|_|M8#8_L8#34.5_|_|#ffcc66|_|3|_|16#42.5
connection,962.25_142.25,33.5_38.5,0,valve5_13|_|connection_117|_|M25.5#30.5_L8#30.5_L8#8_|_|#ffcc66|_|3|_|33.5#38.5
connection,953.25_99.25,16_60.5,0,valve8_2|_|connection_117|_|M8#8_L8#52.5_|_|#ffcc66|_|3|_|16#60.5
connection,953.25_59.25,16.5_43.5,0,valve8_2|_|root|_|M8#35.5_L8#8_L8#17_L8#27_L8.5#27_|_|#ffcc66|_|3|_|16.5#43.5
connection,993.25_144.25,49.5_16,0,valve5_12|_|tank2_3|_|M8#8_L41.5#8_|_|#ffcc66|_|3|_|49.5#16
connection,922.75_144.25,72.5_65.5,0,tank3_5|_|valve5_12|_|M8#57.5_L8#8_L64.5#8_|_|#ffcc66|_|3|_|72.5#65.5
valve5,984.3168603970489_142.76407016351573,17.06240092,0,undefined
connection,727.75_233.25,118.49999999999996_54,0,valve1_20|_|tank2_2|_|M8#46_L74.5#46_L74.5#8_L110.5#8_|_|#33cccc|_|3|_|118.5#54
connection,710.25_271.75,34_16,0,root|_|valve1_20|_|M8#8_L26#8_|_|#33cccc|_|3|_|34#16
connection,581.5_6,121_66,0,separator_1|_|tank2_0|_|M8#8_L113#8_L113#58_|_|#ffcc66|_|3|_|121#66
connection,853.75_44.51007041448278,78.58331298828125_190.48992958551722,0,tank2_2|_||_|M8#183.5_L43#183.5_L43#97_L71#97_L71#8_L24.5#8_|_|#33cccc|_|3|_|79#191.5
connection,818.25_44.25,54.5_16,0,valve5_11|_|tank3_4|_|M46.5#8_L8#8_|_|#33cccc|_|3|_|54.5#16
monitoring,915.1357897793515_266.2672342522559,3.705028543,270,undefined
connection,844.75_171.75,17.5_28.5,0,tank1_4|_|root|_|M8#8_L8#20.5_L8#12_L9.5#12_|_|#33cccc|_|3|_|17.5#28.5
connection,892.75_243.75,42_16,0,valve6_0|_|tank3_5|_|M8#8_L34#8_|_|#ffcc66|_|3|_|42#16
connection,843.75_244.75,52.5_60,0,tank2_2|_|valve6_0|_|M8#37_L8#52_L26.5#52_L26.5#8_L44.5#8_|_|#ffcc66|_|3|_|52.5#60
connection,732.75_192.5,127.5_88,0,tank2_1|_|tank2_2|_|M8#65.5_L8#80_L28#80_L28#8_L119.5#8_L119.5#32.5_|_|#ffcc66|_|3|_|127.5#88
monitoring,829.5005219742847_186.0645612670898,4.333027453,0,undefined
monitoring,786.2819413226097_186.5133658665356,4.333027453,0,undefined
connection,683.25_194.25,53.49999999999998_16.5,0,tank2_1|_|root|_|M45.5#8_L8#8_L19.5#8_L29.5#8_L29.5#8.5_|_|#990000|_|3|_|53.5#16.5
monitoring,713.3051019321015_159.05789305386196,4.333027453,0,undefined
connection,686.75_149.25,62.5_62.5,0,tank2_0|_|tank2_1|_|M8#8_L8#24_L54.5#24_L54.5#54.5_|_|#ffcc66|_|3|_|62.5#62.5
monitoring,863.8064766411763_147.0963050964122,3.663094237,90,undefined
connection,844.25_101.5,63_57,0,valve5_10|_|tank1_4|_|M38.5#8_L55#8_L55#26_L8#26_L8#49_|_|#33cccc|_|3|_|63#57
connection,832.75_101.5,41.5_16,0,valve1_19|_||_|M8#8_L33.5#8_|_|#33cccc|_|3|_|41.5#16
connection,807.75_51.5,37.5_65.5,0,tank3_4|_|valve1_19|_|M8#8_L8#57.5_L29.5#57.5_|_|#33cccc|_|3|_|37.5#65.5
connection,824.25_54,56.5_32.5,0,tank3_4|_|root|_|M8#8_L8#24.5_L48.5#24.5_L33#24.5_L21#24.5_L21#23.5_|_|#33cccc|_|3|_|56.5#32.5
connection,815.75_47.5,64.5_54.5,0,root|_|tank3_4|_|M56.5#46.5_L8#46.5_L8#8_|_|#990000|_|3|_|64.5#54.5
connection,802.25_-2.171428571428578,18.5_58.67142857142857,0,tank3_4|_|root|_|M8#47.5_L8#8_L8#22.5_L8#33.5_L9.5#33.5_|_|#990000|_|3|_|17.5#55.5
connection,816.25_21,16_35,0,tank3_4|_|valve5_9|_|M8#27_L8#8_|_|#990000|_|3|_|16#35
connection,685.75_53,125_91.53543307086615,0,tank3_4|_|tank2_0|_|M119#8_L119#85_L8#85_|_|#33cccc|_|3|_|127#93
connection,697.75_51,83.5_42,0,tank2_0|_|tank3_4|_|M8#34_L75.5#34_L75.5#8_|_|#990000|_|3|_|83.5#42
connection,700.25_46,93_57,0,tank2_0|_|tank3_4|_|M8#49_L85#49_L85#8_|_|#990000|_|3|_|93#57
connection,697.75_39,105.5_74,0,tank2_0|_|tank3_4|_|M8#66_L97.5#66_L97.5#8_|_|#990000|_|3|_|105.5#74
monitoring,498.7209357045376_258.0762611921595,5.269714516,270,undefined
monitoring,499.42526720989815_284.4209540736029,5.269714516,270,undefined
monitoring,538.0784373493866_235.5436019642422,5.269714516,270,undefined
monitoring,564.9501832587989_302.6438478874465,5.269714516,90,undefined
monitoring,602.7947501480814_225.29921596197187,5.269714516,90,undefined
monitoring,602.2801737802833_234.78617144296408,5.269714516,90,undefined
connection,505.16463414634154_261.25,30.585365853658534_11.121951219512194,0,valve5_7|_|connection_66|_|M36#8_L8#8_|_|#0033ff|_|6|_|44#16
connection,507.5853658536586_276.25,40.66463414634147_11.121951219512196,0,valve5_8|_|connection_66|_|M50.5#8_L8#8_|_|#0033cc|_|6|_|58.5#16
connection,506.95731707317077_304.25,43.792682926829265_11.121951219512194,0,valve8_1|_|connection_66|_|M55#8_L8#8_|_|#0033cc|_|6|_|63#16
connection,594.719512195122_211.25,45.53048780487802_91.40853658536584,0,valve1_18|_|tank1_1|_|M22.5#123.5_L57.5#123.5_L57.5#8_L8#8_|_|#0033cc|_|6|_|65.5#131.5
connection,551.0670731707318_250.25,45.18292682926829_37.53658536585365,0,valve5_8|_|tank1_1|_|M8#46_L57#46_L57#8_|_|#0033cc|_|6|_|65#54
connection,536.920731707317_247.25,24.329268292682926_25.719512195121954,0,valve5_7|_|tank1_2|_|M8#29_L27#29_L27#8_|_|#0033cc|_|6|_|35#37
connection,489.2073170731707_214.75,29.542682926829265_11.46951219512195,0,valve5_6|_|root|_|M34.5#8_L8#8_L20#8_L20#8.5_|_|#0033cc|_|6|_|42.5#16.5
connection,519.2743902439024_214.75,31.97560975609756_11.121951219512194,0,valve5_6|_|tank1_2|_|M8#8_L38#8_|_|#0033cc|_|6|_|46#16
connection,587.1463414634146_95.75,35.103658536585364_11.121951219512194,0,valve8_0|_|connection_60|_|M42.5#8_L8#8_|_|#990000|_|5|_|50.5#16
connection,583.6280487804878_76.75,11.121951219512194_46.92073170731707,0,separator_1|_|tank1_0|_|M8#8_L8#59.5_|_|#990000|_|10|_|16#67.5
connection,326.25_417,160.5_49.5,0,tank3_3|_|tank3_1|_|M152.5#8_L119#41.5_L8#41.5_|_|#AAA|_|10|_|160.5#49.5
connection,585.1280487804878_192.25,11.121951219512194_29.195121951219505,0,valve1_16|_|tank1_1|_|M8#8_L8#34_|_|#AAA|_|7|_|16#42
connection,584.6280487804878_177.75,11.121951219512194_22.591463414634145,0,valve1_15|_|valve1_16|_|M8#8_L8#24.5_|_|#AAA|_|7|_|16#32.5
connection,584.1280487804878_158.25,11.121951219512194_26.067073170731714,0,tank1_0|_|valve1_15|_|M8#8_L8#29.5_|_|#AAA|_|7|_|16#37.5
monitoring,555.4208078627024_79.10559158219554,4.329192137297582,0,undefined
monitoring,527.3453920187117_18.693961148346602,5.269714516,0,undefined
connection,627.8780487804878_95.5,25.371951219512194_12.859756097560977,0,valve8_0|_|root|_|M8#8_L28.5#8_L28.5#10.5_|_|#990000|_|5|_|36.5#18.5
connection,430.5_29,152_16,0,separator_0|_|separator_1|_|M8#8_L144#8_|_|#ffcc66|_|10|_|152#16
monitoring,355.31702256897705_464.8272220754753,5.269714516,90,undefined
connection,339.75_485,65.5_16,0,root|_|tank3_2|_|M57.5#8_L8#8_|_|#0033cc|_|6|_|65.5#16
monitoring,433.0565062763934_140.03342731945992,5.269714516,90,undefined
monitoring,433.2360725343502_176.28801117330772,5.269714516,90,undefined
monitoring,433.0620040979663_224.25928724930287,5.269714516,90,undefined
monitoring,412.50979689825414_139.35481247169116,5.269714516,270,undefined
monitoring,412.5250524780584_175.4100002638338,5.269714516,270,undefined
monitoring,412.74996056339745_223.7646881991617,5.269714516,270,undefined
connection,418.25_125.25,16_151.5,0,separator_0|_|valve4_0|_|M8#8_L8#143.5_|_|#AAA|_|10|_|16#151.5
monitoring,305.55891036564583_98.0982665602528,5.269714516,270,undefined
monitoring,355.88129258184415_476.1664319056673,5.269714516,90,undefined
monitoring,283.96824433592445_290.48528111966806,5.269714516,270,undefined
monitoring,283.97552996754575_191.02507013810288,5.269714516,270,undefined
monitoring,294.40777098012506_497.3073757499764,5.269714516,270,undefined
monitoring,294.1645068052946_411.9015244566799,5.269714516,270,undefined
monitoring,294.4409737249944_387.189834386415,5.269714516,270,undefined
monitoring,293.9564729266826_436.4026064383133,5.269714516,270,undefined
monitoring,293.5781363884021_464.7743402869942,5.269714516,270,undefined
connection,221.75_544,38_35,0,valve5_5|_|connection_37|_|M8#27_L30#27_L30#8_|_|#ff6666|_|5|_|38#35
connection,181.75_563,39.5_16,0,valve5_5|_|root|_|M31.5#8_L8#8_L11.5#8_L11.5#8_|_|#ff6666|_|5|_|39.5#16
connection,145.75_543,35_35.5,0,valve5_4|_|connection_37|_|M8#27.5_L27#27.5_L27#8_|_|#ff6666|_|5|_|35#35.5
connection,103.25_562,42.5_16.5,0,valve5_4|_|root|_|M34.5#8.5_L8#8.5_L13.5#8.5_L14#8_L14#8_|_|#ff6666|_|5|_|42.5#16.5
connection,214.75_492.5,16_70.5,0,valve1_14|_|connection_37|_|M8#8_L8#62.5_|_|#AAA|_|6|_|16#70.5
connection,137.25_489,189_73,0,valve1_13|_|tank3_2|_|M8#46.5_L8#65_L133#65_L133#8_L181#8_|_|#AAA|_|6|_|189#73
connection,155.75_479,29_17,0,valve5_5|_|root|_|M21#8_L8#8_L12#8_L12#9_|_|#0066ff|_|5|_|29#17
connection,182.25_478.5,48.5_16,0,valve5_5|_|connection_31|_|M8#8_L40.5#8_|_|#0066ff|_|5|_|48.5#16
connection,24.25_511,52_17,0,valve5_4|_|root|_|M44#9_L8#9_L19.5#9_L19.5#8_|_|#0066ff|_|5|_|52#17
connection,71.75_512,79.5_16,0,valve5_4|_|connection_30|_|M8#8_L71.5#8_|_|#0066ff|_|5|_|79.5#16
connection,214.25_447,16_59,0,feeder_0|_|valve1_14|_|M8#8_L8#51_|_|#AAA|_|6|_|16#59
connection,136.75_494,16_42.5,0,feeder_1|_|valve1_13|_|M8#8_L8#34.5_|_|#AAA|_|6|_|16#42.5
connection,87.25_389,16_108.5,0,bucket_2|_|feeder_1|_|M8#8_L8#100.5_|_|#AAA|_|6|_|16#108.5
connection,184.25_388,16_62,0,bucket_3|_|feeder_0|_|M8#8_L8#54_|_|#AAA|_|6|_|16#62
monitoring,169.8867709900582_379.1346423556794,5.269714516,270,undefined
monitoring,68.84649186471322_356.9117950362294,5.269714516,270,undefined
monitoring,71.6832039261883_229.82343085013665,5.269714516,270,undefined
monitoring,215.44421979890572_332.7498797212256,5.269714516,90,undefined
monitoring,214.8880981626923_227.81092352075,5.269714516,90,undefined
connection,124.75_341.75,26.5_18,0,valve5_1|_|root|_|M18.5#8_L8#8_L8#10_|_|#0066ff|_|5|_|26.5#18
connection,158.75_285.25,16_70.5,0,valve1_14|_|connection_43|_|M8#8_L8#62.5_|_|#0066ff|_|5|_|16#70.5
connection,158.25_213.75,16.5_89.5,0,valve1_14|_|root|_|M8#81.5_L8#8_L8#50_L8.5#50_|_|#0066ff|_|5|_|16.5#89.5
connection,150.25_341.75,45_16,0,bucket_4|_|valve5_1|_|M37#8_L8#8_|_|#0066ff|_|5|_|45#16
connection,52.75_284.75,16_70,0,valve1_15|_|connection_40|_|M8#8_L8#62_|_|#0066ff|_|5|_|16#70
connection,1.25_339.25,33_19,0,valve5_0|_|root|_|M25#8_L8#8_L8#11_|_|#0066ff|_|5|_|33#19
connection,33.25_339.75,56.5_16,0,bucket_3|_|valve5_0|_|M48.5#8_L8#8_|_|#0066ff|_|5|_|56.5#16
connection,130.25_212.75,33_16,0,valve1_13|_|root|_|M25#8_L8#8_L8#8_|_|#0066ff|_|5|_|33#16
connection,151.25_212.75,40.5_16,0,bucket_2|_|valve1_13|_|M32.5#8_L8#8_|_|#0066ff|_|5|_|40.5#16
connection,40.25_211.25,50_16,0,bucket_1|_|valve1_12|_|M42#8_L8#8_|_|#0066ff|_|5|_|50#16
connection,10.25_210.75,43_17.5,0,valve1_12|_|root|_|M35#8_L8#8_L8#9.5_|_|#0066ff|_|5|_|43#17.5
connection,183.75_304.25,16_39.5,0,valve1_9|_|bucket_4|_|M8#8_L8#31.5_|_|#AAA|_|6|_|16#39.5
connection,183.75_285.75,16_34,0,valve1_8|_|valve1_9|_|M8#8_L8#26_|_|#AAA|_|6|_|16#34
connection,183.75_262.75,16_37,0,bucket_2|_|valve1_8|_|M8#8_L8#29_|_|#AAA|_|6|_|16#37
connection,184.75_182.25,16_47,0,valve1_5|_|bucket_2|_|M8#8_L8#39_|_|#AAA|_|6|_|16#47
connection,183.77777099609375_162.25,18.47222900390625_40.40800094604492,0,valve1_4|_|valve1_5|_|M8#8_L8#27_|_|#AAA|_|6|_|16#35
connection,184.75_138.75,16_40,0,valve1_4|_|connection_6|_|M8#32_L8#8_|_|#AAA|_|6|_|16#40
connection,87.25_303.75,16_37.5,0,valve1_7|_|bucket_3|_|M8#8_L8#29.5_|_|#AAA|_|6|_|16#37.5
connection,87.25_284.25,16_33,0,valve1_6|_|valve1_7|_|M8#8_L8#25_|_|#AAA|_|6|_|16#33
connection,87.25_265.25,16_34,0,bucket_1|_|valve1_6|_|M8#8_L8#26_|_|#AAA|_|6|_|16#34
connection,87.25_180.75,16_52,0,valve1_3|_|bucket_1|_|M8#8_L8#44_|_|#AAA|_|6|_|16#52
connection,87.25_163.75,16_32.5,0,valve1_2|_|valve1_3|_|M8#8_L8#24.5_|_|#AAA|_|6|_|16#32.5
connection,86.75_123.25,146.52777099609375_56.08476751919449,0,conveyer_0|_|valve1_2|_|M137#8_L137#23.5_L8#23.5_L8#47.5_|_|#AAA|_|6|_|145#55.5
connection,73.75_45,115_82.5,0,bucket_0|_|vibrating_0|_|M8#47.5_L8#74.5_L58.5#74.5_L58.5#8_L107#8_|_|#AAA|_|7|_|115#82.5
connection,179.75_60,13.5_64.125,0,vibrating_0|_|conveyer_0|_|M8#8_L8#68_|_|#AAA|_|10|_|16#76
bucket,62.2296579430012_19.2296579430012,40,0,undefined
gauge,80.99729204966528_24.997292049665276,3,0,0
text,67.01014759346629_45.01014759346629,30.23985241,0,煤仓|_|false|_|#000000|_|
vibrating,158.50970595636824_45.00970595636822,64.74029404,0,undefined
conveyer,166.81819901959415_121.31819901959415,67.43180098,0,undefined
bucket,172.07877381389568_202.07877381389568,40,0,undefined
bucket,75.14970236185937_321.64970236185934,40,0,undefined
bucket,172.70677699275677_321.2067769927568,40,0,undefined
valve1,88.40301177075506_165.61624694362303,26.69884776,0,undefined
valve1,88.33880369776794_182.8332366796581,26.69884776,0,undefined
valve1,185.8254587636227_165.51214074370586,26.69884776,0,undefined
valve1,185.76125069063556_182.72913047974095,26.69884776,0,undefined
valve1,88.90733083398928_286.84187221962486,26.69884776,0,undefined
valve1,88.84312276100216_303.55886195565995,26.69884776,0,undefined
valve1,185.27984824621774_287.42465749481255,26.69884776,0,undefined
valve1,185.2156401732306_304.14164723084764,26.69884776,0,undefined
text,175.19755173164094_225.26809981156748,35.15160212,0,平衡斗|_|false|_|#000000|_|
text,177.000282610635_240.16030956056758,31.516944890000005,0,V0203|_|false|_|#000000|_|
connection,71.25_179.25,16_39,0,bucket_1|_|valve1_11|_|M8#31_L8#8_|_|#0066ff|_|5|_|16#39
connection,70.25_154.75,16.5_42,0,valve1_11|_|root|_|M8.5#34_L8.5#8_L8#8_|_|#0066ff|_|5|_|16.5#42
valve1,59.11800659338614_182.33481333225518,26.69884776,180,undefined
bucket,75.59909668060718_204.09909668060718,40,0,undefined
text,79.09839787954813_226.84839787954814,35.15160212,0,平衡斗|_|false|_|#000000|_|
text,80.73305511457478_241.98305511457477,31.51694489,0,V0202|_|false|_|#000000|_|
valve1,34.124142066113194_205.38410948193106,26.69884776,270,undefined
valve1,141.21155710623117_206.9757690495587,26.69884776,270,undefined
valve1,146.79451567360871_287.2980241521792,26.69884776,180,undefined
connection,52.75_211.25,18.5_88.5,0,valve1_15|_|root|_|M8#80.5_L8#8_L10.5#8_|_|#0066ff|_|5|_|18.5#88.5
valve1,41.37411489527713_287.0595035662792,26.69884776,180,undefined
valve5,23.391931708819904_336.6419317088199,19.35806829,0,undefined
valve5,141.49555229232533_338.99242054014536,19.358068290000002,0,undefined
text,91.14532213567304_382.89532213567304,8.104677864,0,A|_|false|_|#000000|_|
text,188.7393842339082_382.94393953007784,8.104677864,0,B|_|false|_|#000000|_|
text,80.25_334.1790402824847,43.37122809,0,进煤斗|_|true|_|#000000|_|
gauge,94.45553095500873_327.7055309550087,3,0,0
text,176.72495828368454_333.4592827880896,43.37122809,0,进煤斗|_|true|_|#000000|_|
gauge,191.93048923869327_326.9857734606136,3,0,0
feeder,118.19557794350408_419.1955779435041,120,0,undefined
feeder,41.09628699523125_465.3931731908018,120,0,undefined
valve1,138.7081086450612_527.7226284822302,26.69884776,0,undefined
valve1,216.77771719053828_492.2499303552803,26.69884776,0,undefined
valve5,65.32363045874601_509.5089441469761,19.35806829,0,undefined
valve5,175.42725104225144_475.8594329783016,19.35806829,0,undefined
capacitor,202.52987457861843_478.02987457861843,3.220125421,180,undefined
capacitor,107.25_513.3696489016444,3,180,undefined
valve5,135.7292260571223_559.6667742701422,19.35806829,0,undefined
valve5,212.40747055067607_559.7516606733279,19.35806829,0,undefined
capacitor,162.7353934926038_563.6808820256268,3,180,undefined
capacitor,241.25_562.2565534093646,3,180,undefined
text,413.7120892589178_53.712089258917786,51.5523021,0,一旋|_|true|_|#000000|_|
text,89.32841614463268_482.8284161446327,50.92158386,0,星形给料器A|_|false|_|#000000|_|
text,166.77774029422912_436.9055788474242,50.92160034,0,星形给料器B|_|false|_|#000000|_|
tank3,462.952816520027_378.45281652002706,40,0,undefined
separator,551.2528683277137_7.958001378145809,54.99713167,0,undefined
text,581.1817468780683_28.5682353751929,35.31786483,0,二旋|_|true|_|#000000|_|
tank1,578.7642965777699_116.15214595398459,22.48570342,0,undefined
valve8,621.7315091771302_92.06002246383355,7.493529851,90,undefined
monitoring,605.9169725467998_89.42406732789146,4.333027453,0,undefined
monitoring,639.9782084281967_91.17065329074444,3.663094237,0,undefined
monitoring,580.978673023455_107.82766668747149,3.705028543,270,undefined
tank1,579.7784752457344_207.27072712959023,22.48570342,0,undefined
valve1,585.2382472026592_178.18765227643405,18.55895515,0,undefined
valve1,585.9627311873987_192.6943826402741,18.55895515,0,undefined
tank1,545.0829204305984_206.9425985913902,22.48570342,0,undefined
connection,538.25_62.25,55_36.15384615384615,0,root|_|connection_60|_|M8#8_L8#39_L63.5#39_|_|#990000|_|5|_|71.5#47
valve5,512.2906930034695_213.4694387213994,13.4562182,0,undefined
connection,500.75_249.75,17_72.37142857142857,0,root|_|root|_|M8#8.5_L8#66.5_L8#8_L8#19_L9.5#19_|_|#0033cc|_|10|_|17.5#74.5
valve5,529.0941288442283_259.6048030058488,13.4562182,0,undefined
valve5,542.5684564790428_274.5784855956792,13.4562182,0,undefined
valve8,550.7598857515377_301.1804723805875,7.177245269,90,undefined
tank2,674.8181844808764_62.318184480876425,40,0,undefined
text,688.2532505530423_77.25325055304239,63.9578996,0,废热回收塔|_|true|_|#000000|_|
tank3,789.9649344288879_13.792017609701134,22.7377769,90,undefined
text,788.5943652172176_45.094365217217614,26.24345905,0,汽包|_|false|_|#000000|_|
valve5,813.2064933548088_17.189226656585447,17.06240092,270,undefined
text,878.6705813924115_74.17058139241146,37.07941861,0,去E0201|_|false|_|#000000|_|
text,879.3573706790505_86.97430867652571,37.07941861,0,自E0201|_|false|_|#000000|_|
tank1,841.7506661155412_135.2506661155412,21.49933388,0,undefined
valve1,830.5291249337108_102.23909950826601,18.55895515,270,undefined
valve5,866.2132540768395_99.70921047735777,17.06240092,0,undefined
text,847.75_145.85782171899467,28.24528971,0,排污槽|_|true|_|#000000|_|
tank2,726.259423704696_187.00942370469596,29.9905763,0,undefined
text,655.3216997215483_196.57169972154827,32.31226274,0,去V2018|_|false|_|#000000|_|
text,735.6019649290556_194.15057519838143,56.80309295,0,蒸汽过滤器|_|true|_|#000000|_|
monitoring,689.5736002056041_231.92218144231225,4.333027453,0,undefined
monitoring,714.8057962341895_231.38195782107124,4.333027453,0,undefined
tank2,837.4810349943903_211.58398832119997,29.9905763,0,undefined
text,846.8235762187498_215.72513981488544,61.39986293999999,0,脱氧水预热器|_|true|_|#000000|_|
tank3,919.914655580674_200.91465558067404,23.33534442,0,undefined
text,924.75_218.33841247958122,40.31049209,0,水洗塔|_|true|_|#000000|_|
valve6,881.0679987486022_246.8179987486023,24.68200125,0,undefined
connection,884.75_226.25,16_33.5,0,root|_|valve6_0|_|M8#8_L8#25.5_|_|#33cccc|_|3|_|16#33.5
monitoring,843.114171291776_283.5883969738413,3.705028543,270,undefined
monitoring,843.173507040312_289.7779768420754,3.705028543,270,undefined
monitoring,909.6911301891801_254.06284794897937,3.705028543,180,undefined
monitoring,898.1276433964041_233.12150994988684,3.663094237,90,undefined
valve5,864.3844040567908_43.157840416663475,17.06240092,0,undefined
monitoring,887.83789563401_199.74459698134746,3.663094237,270,undefined
monitoring,940.7127618812758_188.84991933910112,3.705028543,270,undefined
text,867.0653025571382_232.31530255713818,24.18469744,0,冷却水|_|false|_|#000000|_|
monitoring,789.614460771502_281.0335156802796,4.333027453,180,undefined
monitoring,761.395880119827_280.4823202797254,4.333027453,180,undefined
text,691.6702850011687_274.8761378778387,24.18469744,0,脱氧水|_|false|_|#000000|_|
valve1,728.2282425481659_283.5305562190639,18.55895515,90,undefined
tank2,1032.2040932002847_122.82916428802594,29.9905763,0,undefined
text,1042.5466344246443_132.9703157817114,50.21146508,0,汽水分离塔|_|true|_|#000000|_|
monitoring,939.9353507082778_137.843604575872,4.333027453,0,undefined
valve8,957.6497073562792_91.25298585763443,7.493529851,180,undefined
valve5,985.4801268822677_163.4531232375798,16.26987312,0,undefined
connection,993.25_142.75,31.5_38,0,valve5_13|_|connection_118|_|M8#30_L23.5#30_L23.5#8_|_|#ffcc66|_|3|_|31.5#38
tank3,998.5244988966842_216.55322205120234,16.7255011,0,undefined
text,1001.3641143112468_227.97697895010953,31.011863920000003,0,闪洗塔|_|true|_|#000000|_|
text,953.5092987797866_157.25929877978655,42.84986981,0,高压循环水|_|true|_|#000000|_|
valve8,1001.9764336051747_190.43245086355176,7.493529851,180,undefined
valve5,966.1639978747471_221.08768726399688,16.26987312,0,undefined
valve5,1041.7862211809547_211.70447938866857,16.26987312,90,undefined
monitoring,973.4311580175776_319.9469730555023,4.333027453,180,undefined
monitoring,941.7777709960938_319.5745946554543,4.267833822808825,180,undefined
text,886.8470754958055_311.6402027117121,24.18469238,0,净水器|_|false|_|#000000|_|
tank3,1082.6691774785909_202.98022240152125,23.33534442,0,undefined
text,1087.5087928931534_222.90397930042843,39.53774624,0,脱硫塔|_|true|_|#000000|_|
valve5,1084.9714819955582_308.79267147243866,16.26987312,270,undefined
monitoring,1087.3608251421585_281.8702410172507,3.6961077299666543,270,undefined
monitoring,1063.8865700450328_317.87028173163367,4.333027453,0,undefined
monitoring,1032.1679893933579_317.31908633107946,4.333027453,0,undefined
monitoring,1019.5410636759489_333.36400693676023,3.705028543,180,undefined
tank1,599.9085562652804_306.4085562652803,22.34144373,0,undefined
text,604.9065627467457_315.4065627467458,32.05541454,0,甲醇罐|_|true|_|#000000|_|
valve9,478.40444882397037_336.59501775510853,20.09346584,90,undefined
valve2,534.5753510676025_328.3011194106165,12.74656568,90,undefined
valve10,566.4232357953687_328.92323579536867,22.3267642,0,undefined
connection,614.9339137411553_440.5,9.399399247125984_36.21533239333835,0,root|_|root|_|M8#8.5_L8#57.5_L8#8_L8#22_L9#22_|_|#666666|_|10|_|17#65.5
connection,612.5468538742773_478.38383271740264,9.316086258844734_35.8943323502547,0,root|_|root|_|M8#8.5_L8#57.5_L8#8_L8#22_L9#22_|_|#0033cc|_|10|_|17#65.5
connection,612.75_515.1977551349814,9.316086258844734_35.8943323502547,0,root|_|root|_|M8#8.5_L8#57.5_L8#8_L8#22_L9#22_|_|#990000|_|10|_|17#65.5
valve5,568.8441809592093_459.32206280622455,15.49207603,0,undefined
valve5,566.75_486.68291193550823,15.500000000000002,0,undefined
valve5,566.969946810604_513.9006923196141,15.49207603,0,undefined
valve5,568.25_534.666103579521,15.49207603,0,undefined
valve7,593.0114221798008_460.01142217980083,13.73857782,0,undefined
valve7,589.2206160668773_487.1792364829437,14.02938393,0,undefined
valve7,591.8697701155663_515.4333175541135,13.73857782,0,undefined
valve7,592.977782607448_534.6664746046015,13.73857782,0,undefined
valve9,547.7327843388624_439.8761079277653,16.44801549,270,undefined
valve9,534.63359040409_459.92999241153916,15.1164096,0,undefined
valve2,526.8242279961448_373.66100719864613,12.74656568,90,undefined
valve11,570.9129135365845_371.4129135365845,7.337086463,0,undefined
capacitor,549.4319081640828_486.0896202990672,3.8180918360000002,0,undefined
capacitor,550.7544674828351_513.1816597867794,3.818091836,0,undefined
capacitor,550.5158750170007_533.0572151143326,3.818091836,0,undefined
valve9,633.1748303647497_449.18661569465996,16.44801549,0,undefined
capacitor,578.1806416749811_351.10586833134016,3.818091836,0,undefined
bucket,712.8570445843487_437.7802478081809,23.89295542,0,undefined
bucket,713.0020055737208_508.7062255118593,23.89295542,0,undefined
valve1,624.729573859404_203.2417744723581,18.55895515,0,undefined
valve1,710.1970390480051_416.55006268359284,19.11716902,180,undefined
valve1,710.132830975018_427.76705241962793,19.11716902,180,undefined
valve1,710.31821324785_498.013102658618,19.11716902,180,undefined
valve1,710.254005174863_488.730092394653,19.11716902,180,undefined
text,712.8442592607296_450.68001631133467,23.22056638,0,平衡斗|_|false|_|#000000|_|
text,714.386398780297_460.38240117440614,19.35047198,0,V0605|_|false|_|#000000|_|
text,715.9532809234861_520.5945953017285,23.22056638,0,输送斗|_|false|_|#000000|_|
text,716.9954204430535_530.7969801648001,19.35046387,0,V0606|_|false|_|#000000|_|
valve5,583.0749013332917_385.82747347201706,15.49207603,0,undefined
valve5,583.0888435249818_410.67117015873924,15.49207603,0,undefined
valve9,619.2819301396871_364.1729235915922,12.5268785,0,undefined
valve9,619.5430796171669_377.48140797488145,12.5268785,0,undefined
valve9,619.7179920367657_391.9336380240551,12.5268785,0,undefined
valve9,619.72312149775_405.482218368269,12.5268785,0,undefined
valve1,644.3605498671169_364.76450236974665,14.48831425,270,undefined
connection,597.75_357.1767157857516,22.5_86.69117647058823,0,root|_|root|_|M8#8.5_L8#57.5_L8#8_L8#22_L9#22_|_|#660099|_|8|_|17#65.5
text,647.0255169420648_380.0578458800969,32.24625651,0,去平衡斗|_|false|_|#000000|_|
text,647.7707915651087_395.9815507687505,32.24625651,0,去输送斗|_|false|_|#000000|_|
valve1,737.5121509292019_426.436589170803,19.11716902,0,undefined
valve1,747.0566249177397_444.3415688406555,19.32865444,270,undefined
valve1,742.9154768892719_481.12509299659934,19.11716902,0,undefined
valve5,753.1690769886405_512.3260689285768,11.58092301,0,undefined
valve1,743.9949473339962_531.3133699789648,19.32865444,270,undefined
valve3,772.7862321036356_460.28623210363554,5.463767896,0,undefined
valve3,786.128750001693_447.54894352090525,5.463767896,270,undefined
connection,774.25_530,17_52,0,root|_|root|_|M9#8_L9#44_L9#40_L8#40_|_|#000000|_|2|_|17#52
connection,782.25_476,36.5_16,0,root|_|connection_207|_|M8#8_L28.5#8_|_|#000000|_|2|_|36.5#16
valve3,785.1566248797077_369.2289779251394,5.463767896,270,undefined
valve3,763.515200066123_382.55757098241344,5.463767896,0,undefined
valve7,752.1308550958512_371.47870224066094,10.69494691,90,undefined
bucket,1017.3192234132741_489.3192234132742,28.93077659,0,undefined
tank2,918.25_460.4348417961051,29.5,0,undefined
bucket,1016.9986036142018_405.9986036142018,28.93077659,0,undefined
valve3,1032.3811044354784_392.0789372835203,6.081917032,90,undefined
valve1,1026.710492797939_479.80520094182776,19.32865444,0,undefined
valve1,1026.9800378214143_561.6508215269176,19.32865444,0,undefined
text,1023.25_409.7904051999784,38.14964429,0,上灰斗|_|true|_|#000000|_|
text,1023.0078175173744_493.87317556495145,37.42107788,0,下灰斗|_|true|_|#000000|_|
text,927.1904943267062_474.1573294070467,39.73075113,0,高位槽|_|true|_|#000000|_|
valve1,969.3108799994258_470.3430786617664,19.32865444,270,undefined
valve1,973.2943390074495_531.5507106575803,19.32865444,270,undefined
valve5,885.8736895112859_495.562606912318,14.87631049,0,undefined
valve1,968.973687032076_442.3849068653049,19.32865444,270,undefined
valve5,906.0316230041058_419.99403646493016,14.87631049,0,undefined
connection,884.75_419,60.5_31.5,0,connection_197|_|connection_198|_|M8#9_L8#23.5_L52.5#23.5_L52.5#8_|_|#33cccc|_|3|_|60.5#31.5
valve1,975.1640593216401_402.3472516255975,19.32865444,270,undefined
valve5,890.3167686402896_401.8132315246221,14.87631049,0,undefined
monitoring,876.0635637029333_429.79637645177047,3.58428547,180,undefined
valve5,890.0364150901622_387.31578495188535,14.87631049,0,undefined
valve1,1079.3410631853028_496.21376075997046,19.32865444,270,undefined
valve5,914.0095373463929_373.85231152542895,14.87631049,0,undefined
valve1,1043.850184251643_365.8824549161285,19.32865444,270,undefined
text,826.6406515190512_430.9277265750142,40.5,0,高压循环水|_|false|_|#000000|_|
text,821.25_506.8296585157991,40.5,0,低压循环水|_|false|_|#000000|_|
text,1076.0884882086282_513.8273312997865,40.5,0,高压循环水|_|false|_|#000000|_|
capacitor,898.75_420.2177851244854,3.5,0,undefined
capacitor,904.3295949431116_374.9977294156234,3.5,0,undefined
diode,639.0345358371778_424.5345358371778,17.21546416,0,undefined
diode,638.3711501308258_406.8104945838691,17.21546416,0,undefined
connection,675.25_235.25,60.5_16,0,root|_|tank2_1|_|M8#8_L52.5#8_|_|#990000|_|3|_|60.5#16
arrow,864.485781558941_406.485781558941,7.264218441,0,undefined
arrow,866.657798184337_424.0029278205137,7.264218441,180,undefined
arrow,846.7037421778781_499.85778902783306,7.264218441,180,undefined
arrow,944.8055626271688_394.00695118531695,7.264218441,270,undefined
arrow,1108.7379309356054_501.5492911108682,7.264218441,0,undefined
arrow,864.4832680007846_378.86727251478413,7.264218441,180,undefined
arrow,921.9442722489129_314.72759946114223,7.264218441,0,undefined
arrow,889.2997043411606_241.91454432307302,7.264218441,270,undefined
arrow,945.8098729124576_164.20736128112839,7.264218441,270,undefined
arrow,1043.4240854819525_230.0357725296751,7.264218441,270,undefined
arrow,957.6525730186507_69.93157429720799,7.264218441,90,undefined
arrow,849.522301088875_188.15014942930884,7.264218441,270,undefined
arrow,865.8817723978995_90.7610343223547,7.264218441,0,undefined
arrow,866.4985125155532_74.99622285021488,7.264218441,180,undefined
arrow,820.445965151275_3.563671340859244,7.264218441,90,undefined
arrow,806.6246136946772_3.6344963863148267,7.264218441,90,undefined
arrow,769.7770176805664_69.46957119235145,7.264218441,90,undefined
arrow,781.9188561826818_69.74456421644827,7.264218441,90,undefined
arrow,791.8961247044721_69.47915582665809,7.264218441,90,undefined
arrow,732.1500588675981_133.75269455148512,7.264218441,0,undefined
arrow,643.3474412273815_98.47334474707911,7.264218441,0,undefined
arrow,705.5563538275966_199.41086847002848,7.264218441,0,undefined
arrow,677.8442813524435_239.44713882557033,7.264218441,180,undefined
text,656.4393481692146_247.45960148674374,41.81065183,0,锅炉蒸汽|_|false|_|#cc0000|_|
arrow,541.0585877771898_67.0969364630482,7.264218441,90,undefined
arrow,624.7105542601121_185.21491158081537,7.264218441,90,undefined
capacitor,525.5887600413059_273.33876004130593,3.661239959,0,undefined
capacitor,517.2787004583637_257.6403651565564,3.661239959,0,undefined
arrow,17.20993315977853_215.00065945899843,7.264218441,180,undefined
arrow,139.35898125295685_216.88486405192106,7.264218441,180,undefined
arrow,8.752966105517903_343.6996284367332,7.264218441,180,undefined
arrow,129.83682997131447_345.91275338317837,7.264218441,180,undefined
arrow,118.25576567532093_516.4335761836755,7.264218441,180,undefined
arrow,210.71744698157835_483.12004477714913,7.264218441,180,undefined
valve5,390.7664392792351_522.1902198070435,15.49207603,0,undefined
capacitor,415.4873268059739_524.2159702879466,3.0000000000000004,180,undefined
arrow,763.0919447620273_448.7237921885424,7.264218441,0,undefined
arrow,744.0063910449126_390.218134275224,7.264218441,0,undefined
arrow,738.3237316853211_410.21614604015883,7.264218441,90,undefined
text,548.2189906639325_362.94770943908264,24.18469238,0,消防水|_|false|_|#000000|_|
connection,1033.25_484,33.5_40.5,0,bucket_8|_|bucket_8|_|M9#32.5_L25.5#32.5_L25.5#8_L8#8_|_|#000000|_|2|_|33.5#40.5
gauge2,1037.914354938117_489.91435493811696,6.335645062,0,0
gauge2,917.4082027546041_462.3313705588313,7.841797245,0,0
connection,1032.75_403.5,31_34.5,0,bucket_9|_|bucket_9|_|M11#26.5_L23#26.5_L23#8_L8#8_|_|#000000|_|2|_|31#34.5
gauge2,1038.6424079721305_407.4520448854305,6.335645062,0,0
gauge2,1017.1981859600719_407.2602019391426,6.335645062,0,0
gauge2,940.75_244.4928607249297,7,0,0
gauge2,1017.3055374452653_238.35673924573757,7.444462555,0,0
gauge2,1070.0686254776306_147.8186254776304,8.681374522,0,0
gauge2,710.1260015079431_517.6260015079431,5.123998492,0,0
text,535.5878738768181_102.58787387681815,38.34728343684466,0,TIR-0219|_|false|_|#ffffff|_|
text,542.5898537314226_112.33985373142269,22.660146268577364,0,????|_|false|_|#FFCC00|_|TIR-0219
text,606.694907068312_67.71071539344207,31.79516686300039,0,PI-0213|_|false|_|#ffffff|_|
text,611.6968869229165_76.46269524804661,20.05311307708348,0,????|_|false|_|#FFCC00|_|PI-0213
text,369.25_130.42521731403593,42.08331298828125,0,PDIR-0226|_|false|_|#ffffff|_|
text,377.6954534798449_140.17719716864048,21.63785950843635,0,????|_|false|_|#FFCC00|_|PDIR-0226
text,371.44252750287626_164.77877054482605,43.14068603515625,0,PDIR-0227|_|false|_|#ffffff|_|
text,379.08375196709414_175.5588094959989,22.660146268577364,0,????|_|false|_|#FFCC00|_|PDIR-0227
text,370.9138835036346_210.87435816223223,43.14068603515625,0,PDIR-0228|_|false|_|#ffffff|_|
text,378.5551079678525_221.65439711340508,22.660146268577364,0,????|_|false|_|#FFCC00|_|PDIR-0228
text,493.25_3.7508550417362585,34.468924426033254,0,PIR-0206|_|false|_|#ffffff|_|
text,499.3152646322003_13.810495367884982,20.60565028421137,0,????|_|false|_|#FFCC00|_|PIR-0206
text,107.91477379355263_7.399681328272493,34.67656993706071,0,IH-0212|_|false|_|#ffffff|_|
text,117.40795348575193_19.992402030512437,22.660146268577364,0,????|_|false|_|#FFCC00|_|IH-0212
text,120.85703726455671_167.15340546077067,22.660146268577364,0,????|_|false|_|#FFCC00|_|KV-0201
text,113.86079708022919_155.64366241086435,34.67656993706071,0,KV-0201|_|false|_|#ffffff|_|
text,122.11893641132627_186.79770475139742,22.660146268577364,0,????|_|false|_|#FFCC00|_|KV-0202
text,114.62269622699876_177.2879617014911,34.67656993706071,0,KV-0202|_|false|_|#ffffff|_|
text,115.44738676356519_210.3265919073064,22.660146268577364,0,????|_|false|_|#FFCC00|_|LA-0204
text,111.45114657923767_199.3168488574001,34.67656993706071,0,LA-0204|_|false|_|#ffffff|_|
connection,171.82158809255145_172.99729509873893,16_39,0,bucket_1|_|valve1_11|_|M8#31_L8#8_|_|#0066ff|_|5|_|16#39
connection,171.32158809255145_158.49729509873893,16.5_42,0,valve1_11|_|root|_|M8.5#34_L8.5#8_L8#8_|_|#0066ff|_|5|_|16.5#42
valve1,158.18959468593758_177.5821084309941,26.69884776,180,undefined
text,154.59497523850706_162.5328943454951,22.660146268577364,0,????|_|false|_|#FFCC00|_|KV-0208
text,152.59873505417954_152.02315129558878,34.67656707763672,0,KV-0208|_|false|_|#ffffff|_|
text,136.60497672613053_235.02539811175484,22.660146268577364,0,????|_|false|_|#FFCC00|_|KV-0207
text,214.608736541803_156.01565506184852,34.67654800415039,0,KV-0203|_|false|_|#ffffff|_|
text,219.53939110971558_165.28905629612012,22.660146268577364,0,????|_|false|_|#FFCC00|_|KV-0203
text,128.78573668308124_226.4959528293404,34.67654800415039,0,KV-0207|_|false|_|#ffffff|_|
text,9.628438952353434_186.82079459804044,34.67654800415039,0,KV-0205|_|false|_|#ffffff|_|
text,14.559093520266003_196.09419583231204,22.660146268577364,0,????|_|false|_|#FFCC00|_|KV-0205
text,216.72677602833943_203.50659354247352,34.67654800415039,0,LA-0205|_|false|_|#ffffff|_|
text,222.657430596252_213.27999477674513,22.660146268577364,0,????|_|false|_|#FFCC00|_|LA-0205
text,227.28834876525008_227.32015530911667,34.67654800415039,0,PI-0203|_|false|_|#ffffff|_|
text,231.71900333316265_238.09355654338827,22.660146268577364,0,????|_|false|_|#FFCC00|_|PI-0203
text,218.3393051458314_255.4048856873028,34.67654800415039,0,LA-0209|_|false|_|#ffffff|_|
text,223.76995971374396_265.6782869215744,22.660146268577364,0,????|_|false|_|#FFCC00|_|LA-0209
text,118.31787523672114_251.43340587270063,34.67658233642578,0,LA-0208|_|false|_|#ffffff|_|
text,124.2485298046337_261.70680710697224,22.660146268577364,0,????|_|false|_|#FFCC00|_|LA-0208
text,149.24534316773662_298.68207333688247,34.67654800415039,0,PV-0233|_|false|_|#ffffff|_|
text,155.33079871155692_307.9804422506425,22.660146268577364,0,????|_|false|_|#FFCC00|_|PV-0233
text,214.76943222176337_177.59645192073816,34.67654800415039,0,KV-0204|_|false|_|#ffffff|_|
text,220.70008678967594_187.86985315500976,22.660146268577364,0,????|_|false|_|#FFCC00|_|KV-0204
text,20.91624599840631_232.48352215729233,34.67654037475586,0,PI-0201|_|false|_|#ffffff|_|
text,26.84690056631888_243.25692339156393,22.660146268577364,0,????|_|false|_|#FFCC00|_|PI-0201
text,8.14153456777483_274.98163540904386,34.67654800415039,0,PV-0232|_|false|_|#ffffff|_|
text,14.572189135687399_285.75503664331546,22.660146268577364,0,????|_|false|_|#FFCC00|_|PV-0232
text,215.99899408094143_278.90857596616047,34.67654800415039,0,KV-0211|_|false|_|#ffffff|_|
text,220.929648648854_309.1819772004321,22.660146268577364,0,????|_|false|_|#FFCC00|_|KV-0212
text,214.6246590024704_298.5765414350459,34.67654800415039,0,KV-0212|_|false|_|#ffffff|_|
text,222.05531357038296_288.84994266931744,22.660146268577364,0,????|_|false|_|#FFCC00|_|KV-0211
text,228.27807530340016_330.19443169029637,34.67658233642578,0,IH-0207|_|false|_|#ffffff|_|
text,234.27125499559946_340.2871523925363,22.660146268577364,0,????|_|false|_|#FFCC00|_|IH-0207
text,15.544625757764763_310.86233439378515,34.67654800415039,0,PV-0223|_|false|_|#ffffff|_|
text,21.975280325677332_321.13573562805675,22.660146268577364,0,????|_|false|_|#FFCC00|_|PV-0223
text,25.760001736363762_355.6521675342994,34.67654800415039,0,PI-0203|_|false|_|#ffffff|_|
text,30.19065630427633_366.425568768571,22.660146268577364,0,????|_|false|_|#FFCC00|_|PI-0203
text,114.06266463624226_276.3139699733143,34.67653274536133,0,KV-0209|_|false|_|#ffffff|_|
text,118.99331920415483_306.5873712075859,22.660146268577364,0,????|_|false|_|#FFCC00|_|KV-0210
text,112.68832955777123_295.9819354421997,34.67654800415039,0,KV-0210|_|false|_|#ffffff|_|
text,120.1189841256838_286.25533667647125,22.660146268577364,0,????|_|false|_|#FFCC00|_|KV-0211
text,121.87508622415632_318.2148268212614,34.67658233642578,0,IH-0206|_|false|_|#ffffff|_|
text,126.36826591635563_327.30754752350134,22.660146268577364,0,????|_|false|_|#FFCC00|_|IH-0206
text,132.30252469686724_352.7920147186962,34.67654800415039,0,PV-0224|_|false|_|#ffffff|_|
text,139.7331792647798_360.5654159529678,22.660146268577364,0,????|_|false|_|#FFCC00|_|PV-0224
text,131.47361628194471_373.7605114657173,35.80415471414903,0,PI-0204|_|false|_|#ffffff|_|
text,138.90427084985726_383.5339126999889,22.660146268577364,0,????|_|false|_|#FFCC00|_|PI-0204
text,111.25242673447906_397.0080577991645,34.67658233642578,0,LA-0206|_|false|_|#ffffff|_|
text,115.24560642667836_407.6007785014044,22.660146268577364,0,????|_|false|_|#FFCC00|_|LA-0206
text,206.07626283558056_387.3269718006443,34.67658233642578,0,LA-0207|_|false|_|#ffffff|_|
text,213.06944252777987_396.91969250288423,22.660146268577364,0,????|_|false|_|#FFCC00|_|LA-0207
text,61.731962645087066_534.4421590964278,22.660146268577364,0,????|_|false|_|#FFCC00|_|FV-0206
text,55.09743024411408_526.2897375098914,34.67658233642578,0,FV-0206|_|false|_|#ffffff|_|
text,106.68822317299419_537.2806224932821,22.660146268577364,0,????|_|false|_|#FFCC00|_|KV-0213
text,100.05369077202118_528.1282009067457,34.67658233642578,0,KV-0213|_|false|_|#ffffff|_|
text,175.3656998940666_462.7522239495511,22.660146268577364,0,????|_|false|_|#FFCC00|_|FV-0205
text,168.7311674930936_454.59980236301476,34.67660140991211,0,FV-0205|_|false|_|#ffffff|_|
text,184.33462182166363_504.324274203394,22.660146268577364,0,????|_|false|_|#FFCC00|_|KV-0214
text,177.70008942069063_495.1718526168577,34.67660140991211,0,KV-0214|_|false|_|#ffffff|_|
text,253.38309484271838_380.5198279844163,44.58418273925781,0,TIRA-0205|_|false|_|#ffffff|_|
text,265.3762745349177_389.6125486866562,22.660146268577364,0,????|_|false|_|#FFCC00|_|TIRA-0205
text,253.19637892945846_405.97666352784637,44.58414840698242,0,PDIR-0230|_|false|_|#ffffff|_|
text,265.18955862165774_415.0693842300863,22.660146268577364,0,????|_|false|_|#FFCC00|_|PDIR-0230
text,251.08424380838017_430.04413049689276,44.58417560243681,0,TIRA-0203|_|false|_|#ffffff|_|
text,265.07742350057947_440.1368511991327,22.660146268577364,0,????|_|false|_|#FFCC00|_|TIRA-0203
text,250.21784675184392_457.42161112121283,49.537986070631455,0,TIRA-0202A|_|false|_|#ffffff|_|
text,419.2110264440432_476.0143318234528,22.660146268577364,0,????|_|false|_|#FFCC00|_|TIRA-0202B
text,356.1314673796618_501.32794803882086,24.768993035315727,0,UFB-D|_|false|_|#ffffff|_|
text,331.6246470718611_534.9206687410608,22.660146268577364,0,????|_|false|_|#FFCC00|_|UZH-D
text,257.77542867929776_509.7001924312952,44.58414840698242,0,PDIR-0229|_|false|_|#ffffff|_|
text,273.26860837149707_518.2929131335352,22.660146268577364,0,????|_|false|_|#FFCC00|_|PDIR-0229
text,277.75098489119506_552.4088784240773,44.584182739257805,0,TIRA-0201|_|false|_|#ffffff|_|
text,286.9038399661465_561.0080924743163,22.660146268577364,0,????|_|false|_|#FFCC00|_|TIRA-0201
text,277.48770614452076_529.3953997826261,39.63036306323067,0,PIR-0231|_|false|_|#ffffff|_|
text,286.4808858367201_538.488120484866,22.660146268577364,0,????|_|false|_|#FFCC00|_|PIR-0231
text,366.2360040022065_465.8074490820335,44.58417560243681,0,TIRA-0204|_|false|_|#ffffff|_|
text,414.22918369440583_466.40016978427343,22.660146268577364,0,????|_|false|_|#FFCC00|_|TIRA-0204
text,366.3696069456703_476.6849297063536,49.537986070631455,0,TIRA-0202B|_|false|_|#ffffff|_|
text,266.3627866378696_466.27765040859356,22.660146268577364,0,????|_|false|_|#FFCC00|_|TIRA-0202A
text,149.8423640167942_572.0406982086223,22.660146268577364,0,????|_|false|_|#FFCC00|_|FIRC-1205
text,103.2078316158212_572.888276622086,44.58417560243681,0,FIRC-1205|_|false|_|#ffffff|_|
text,186.2307765561759_573.6238599900437,44.58418273925781,0,FIRC-1206|_|false|_|#ffffff|_|
text,232.13152330244262_572.2736854800447,22.660146268577364,0,????|_|false|_|#FFCC00|_|FIRC-1206
text,255.59344936653395_352.98658513139765,24.768993035315727,0,ULU-D|_|false|_|#ffffff|_|
text,257.08662905873325_360.5793058336376,22.660146268577364,0,????|_|false|_|#FFCC00|_|ULU-D
text,358.0328486333973_509.2499245995533,22.660146268577364,0,????|_|false|_|#FFCC00|_|UFB-D
monitoring,338.5251984864627_514.4741763980868,5.269714516,270,undefined
connection,330_502.75,69.25_35.75,0,valve5_30|_|tank3_1|_|M61.25#27.75_L27.75#27.75_L8#8_|_|#33ff66|_|3|_|69.25#35.75
tank3,300.30196615529377_344.0161177739291,50.94803384,0,undefined
text,330.2070511644662_526.1129570663207,24.768993035315727,0,UZH-D|_|false|_|#ffffff|_|
text,330.4839574864051_553.1305653619008,24.768993035315727,0,UHG-D|_|false|_|#ffffff|_|
text,331.3189942632595_565.7052673949732,22.660146268577364,0,????|_|false|_|#FFCC00|_|UHG-D
text,400.0966733062802_487.50348315243224,39.630367279052734,0,FIR-1207|_|false|_|#ffffff|_|
text,439.88121204800507_486.0841918327674,22.660146268577364,0,????|_|false|_|#FFCC00|_|FIR-1207
text,384.16992731649094_501.2009379362188,37.28946794622705,0,FIRC-0209|_|false|_|#ffffff|_|
text,391.88074402720673_510.44733802444176,18.95256896107452,0,????|_|false|_|#FFCC00|_|FIRC-0209
text,414.48252582876984_509.0024904765782,37.2894287109375,0,FIRC-1213|_|false|_|#ffffff|_|
text,424.1933425394856_515.7488905648012,18.95256896107452,0,????|_|false|_|#FFCC00|_|FIRC-1213
text,450.66044413795333_516.6032175850323,37.28946794622705,0,FIRC-0203|_|false|_|#ffffff|_|
text,458.8712608486691_523.8496176732552,18.95256896107452,0,????|_|false|_|#FFCC00|_|FIRC-0203
text,360.20350108482177_532.5744923464293,37.28946794622705,0,FIRC-0208|_|false|_|#ffffff|_|
text,399.40151183645986_532.4959246309353,18.95256896107452,0,????|_|false|_|#FFCC00|_|FIRC-0208
text,424.8371202916883_531.2998235764159,37.2894287109375,0,FIRC-1212|_|false|_|#ffffff|_|
text,435.04538670164294_538.7044707639299,18.95256896107452,0,????|_|false|_|#FFCC00|_|FIRC-1212
text,465.4457674052735_531.33153862432,37.28946304321289,0,FIRC-0202|_|false|_|#ffffff|_|
text,473.01099301582207_538.6016323026176,18.95256896107452,0,????|_|false|_|#FFCC00|_|FIRC-0202
text,389.65989346568574_555.1072911039984,37.28946304321289,0,FIRC-0207|_|false|_|#ffffff|_|
text,398.0049894941441_566.4471081884943,18.95256896107452,0,????|_|false|_|#FFCC00|_|FIRC-0207
text,430.17292729546034_554.5658100749575,37.2894287109375,0,FIRC-1211|_|false|_|#ffffff|_|
text,437.57865463362725_567.2099174761796,18.95256896107452,0,????|_|false|_|#FFCC00|_|FIRC-1211
text,470.8212824611287_554.6343090217899,37.2894287109375,0,FIRC-0201|_|false|_|#ffffff|_|
text,477.51034011670384_566.9400292752605,18.95256896107452,0,????|_|false|_|#FFCC00|_|FIRC-0201
connection,378.33331298828125_541.954833984375,134_16,0,valve5_0|_|text_182|_|M8#8_L126#8_|_|#33ff66|_|3|_|134#16
valve5,372.84526581343766_541.6307953787299,15.49207603,0,undefined
capacitor,398.3133484240059_543.2257725111868,3,180,undefined
connection,361.83331298828125_556.954833984375,153_16,0,valve5_32|_|root|_|M8#8_L145#8_L144.5#8_L144.5#8_|_|#33ff66|_|3|_|153#16
valve5,355.805700411546_556.3032061200099,15.49207603,0,undefined
capacitor,384.56890923216366_558.6656091715531,3.0000000000000004,180,undefined
text,255.77777099609375_284.351943475881,34.10607296015189,0,TIR-0206|_|false|_|#ffffff|_|
text,259.77777099609375_292.64870687209765,19.34212624719447,0,????|_|false|_|#FFCC00|_|TIR-0206
text,255.05260363237417_184.89910061526348,34.106075286865234,0,TIR-0207|_|false|_|#ffffff|_|
text,259.05260363237414_193.19586401148013,19.34212624719447,0,????|_|false|_|#FFCC00|_|TIR-0207
text,365.9210090038433_296.256160867651,43.14066696166992,0,PDIR-0225|_|false|_|#ffffff|_|
text,377.08713932888384_304.7858689129491,22.660146268577364,0,????|_|false|_|#FFCC00|_|PDIR-0225
connection,419.33331298828125_308.72308349609375,66_31.5,0,connection_165|_|root|_|M8#23.5_L22.5#9_L58#9_L51#9_L51#8_|_|#990000|_|4|_|66#31.5
connection,331.5_277.75,102.75_147.25,0,valve4_0|_|tank3_2|_|M94.75#8_L94.75#52.5_L8#139.25_|_|#AAA|_|10|_|102.75#147.25
valve4,411.9456891851375_268.9456891851375,40,0,undefined
valve5,445.7430964600662_307.16299019300243,19.358068290000006,0,undefined
capacitor,470.0963757320874_311.9702609098604,3.000000000000001,180,undefined
text,444.1032583705749_322.4734953110114,24.768983840942383,0,ULT-D|_|false|_|#ffffff|_|
text,445.5964380627742_330.06621601325133,22.660146268577364,0,????|_|false|_|#FFCC00|_|ULT-D
text,436.15704530330225_289.4448395963715,37.28946304321289,0,FIRC-0215|_|false|_|#ffffff|_|
text,445.0716463465424_298.35774480262705,18.95256896107452,0,????|_|false|_|#FFCC00|_|FIRC-0215
text,436.49316364431553_134.8555895271172,38.34728511047058,0,TIR-0213|_|false|_|#ffffff|_|
text,445.1343881085334_143.63562847829004,22.660146268577364,0,????|_|false|_|#FFCC00|_|TIR-0213
text,438.06935605731996_168.11148768479907,38.34728511047058,0,TIR-0214|_|false|_|#ffffff|_|
text,445.21058052153785_177.39152663597193,22.660146268577364,0,????|_|false|_|#FFCC00|_|TIR-0214
text,439.7875632402208_216.69930496181124,38.34728511047058,0,TIR-0215|_|false|_|#ffffff|_|
text,445.42878770443866_226.4793439129841,22.660146268577364,0,????|_|false|_|#FFCC00|_|TIR-0215
text,271.62996065022685_89.5765703972533,38.36931228637695,0,TIRA-0212|_|false|_|#ffffff|_|
text,279.88777201315605_98.44388016887558,19.34212624719447,0,????|_|false|_|#FFCC00|_|TIRA-0212
text,341.0568208874603_25.557974505127145,34.468924426033254,0,PIR-0206|_|false|_|#ffffff|_|
text,347.1220855196606_35.61761483127587,20.60565028421137,0,????|_|false|_|#FFCC00|_|PIR-0206
monitoring,351.624898613514_47.87805589956753,5.269714516,0,undefined
connection,324.75_58,91_16,0,tank3_0|_|separator_0|_|M8#8_L83#8_|_|#ffcc66|_|10|_|91#16
separator,370.7832107085632_24.283210708563274,80,0,undefined
tank3,313.31198249904867_47.81198249904867,25.89936313,0,undefined
tank3,291.33331298828125_123.10670493069836,72.17700623527867,0,undefined
text,531.8758396508122_50.69845935940879,38.34728343684466,0,TIR-0224|_|false|_|#ffffff|_|
text,546.3961304741644_59.86378683976511,22.660146268577364,0,????|_|false|_|#FFCC00|_|TIR-0224
text,641.4810305184474_78.06598307826478,31.795146942138672,0,PI-0212|_|false|_|#ffffff|_|
text,646.4830103730519_86.81796293286932,20.05311307708348,0,????|_|false|_|#FFCC00|_|PI-0212
text,522.5478396309207_173.41540692357242,33.55388585000772,0,KV-0222|_|false|_|#ffffff|_|
text,559.8333129882812_173.19544587474527,21.015897375434747,0,????|_|false|_|#FFCC00|_|KV-0222
text,522.5156672552081_187.56592881500902,33.55387496948242,0,KV-0223|_|false|_|#ffffff|_|
text,559.8011406125686_187.34596776618187,21.015897375434747,0,????|_|false|_|#FFCC00|_|KV-0223
text,477.9571746292469_196.0989892710027,33.55387496948242,0,PV-0216|_|false|_|#ffffff|_|
text,483.7139008957063_204.66409421575716,21.015897375434747,0,????|_|false|_|#FFCC00|_|PV-0216
text,482.1349024964633_226.3010566264595,38.34730529785156,0,TIR-0223|_|false|_|#ffffff|_|
text,521.8333129882812_227.08109557763237,21.10296024097738,0,????|_|false|_|#FFCC00|_|TIR-0223
text,487.327866687676_242.17966361176667,33.55390930175781,0,FV-0217|_|false|_|#ffffff|_|
text,522.3333129882812_247.74476855652114,19.767177341288857,0,????|_|false|_|#FFCC00|_|FV-0217
text,454.3083469867877_253.64452793062208,38.3472900390625,0,TIR-0221|_|false|_|#ffffff|_|
text,462.94957145100557_262.42456688179493,22.660146268577364,0,????|_|false|_|#FFCC00|_|TIR-0221
text,466.90098627642186_273.9512952647686,33.55390930175781,0,PV-0214|_|false|_|#ffffff|_|
text,473.3140466391169_283.7735958141125,21.015897375434747,0,????|_|false|_|#FFCC00|_|PV-0214
text,610.5117038332501_175.66778164421982,33.55387496948242,0,KV-0224|_|false|_|#ffffff|_|
text,644.7971771906106_174.94782059539267,21.015897375434747,0,????|_|false|_|#FFCC00|_|KV-0224
text,555.6765741324026_260.3053693824304,33.55390930175781,0,FV-0216|_|false|_|#ffffff|_|
text,562.4442867564188_270.13799991450173,19.767177341288857,0,????|_|false|_|#FFCC00|_|FV-0216
text,594.6807133489102_262.9974733173186,33.55390930175781,0,KV-0225|_|false|_|#ffffff|_|
text,602.579095909909_273.22033357018614,19.767177341288857,0,????|_|false|_|#FFCC00|_|KV-0225
text,603.60135777496_244.7561996060961,38.34730529785156,0,TIR-0223|_|false|_|#ffffff|_|
connection,503.33331298828125_288.37664794921875,110_16,0,connection_211|_|valve1_17|_|M8#8_L102#8_|_|#0033ff|_|4|_|110#16
valve1,597.7209262610868_288.2936008313069,18.55895515,270,undefined
text,612.996498496662_253.97772957191506,19.767177341288857,0,????|_|false|_|#FFCC00|_|TIR-0223
text,605.5917698798459_219.87541190961744,38.34730529785156,0,PIR-0215|_|false|_|#ffffff|_|
text,613.6182922166233_229.67905323544346,19.767177341288857,0,????|_|false|_|#FFCC00|_|PIR-0215
text,640.5780753210142_16.037639571944624,43.14070874595475,0,TIRA-0220|_|false|_|#ffffff|_|
text,652.3811380604545_26.929748961490077,19.767177341288857,0,????|_|false|_|#FFCC00|_|TIRA-0220
text,719.818543701881_147.36513491877386,43.14070129394531,0,TIRA-0226|_|false|_|#ffffff|_|
text,731.6216064413213_158.25724430831931,19.767177341288857,0,????|_|false|_|#FFCC00|_|TIRA-0226
text,751.5773237606697_169.56622600815683,43.14066696166992,0,TIRA-0227|_|false|_|#ffffff|_|
text,763.38038650011_180.45833539770229,19.767177341288857,0,????|_|false|_|#FFCC00|_|TIRA-0227
text,798.8200819574083_168.8688053625255,38.347298673841685,0,PIR-0219|_|false|_|#ffffff|_|
text,809.1231446968486_178.76091475207096,19.767177341288857,0,????|_|false|_|#FFCC00|_|PIR-0219
text,690.2588209483341_211.15957697137478,37.96624085106161,0,PIRA-0221|_|false|_|#ffffff|_|
text,702.3333129882812_220.05168636092023,17.39622661141925,0,????|_|false|_|#FFCC00|_|PIRA-0221
text,659.1494296972244_219.77433979977658,33.666034478309136,0,TIR-0229|_|false|_|#ffffff|_|
text,667.4792091392408_228.0741661269638,17.354103849040484,0,????|_|false|_|#FFCC00|_|TIR-0229
text,861.2628110426783_136.59158210058285,33.666034478309136,0,TIR-0225|_|false|_|#ffffff|_|
text,873.0925904846947_144.39140842777007,17.354103849040484,0,????|_|false|_|#FFCC00|_|TIR-0225
text,812.4269489664719_116.6734639923688,33.55390930175781,0,KV-1204|_|false|_|#ffffff|_|
text,819.3253315274707_124.89632424523631,19.767177341288857,0,????|_|false|_|#FFCC00|_|KV-1204
text,878.9112195307551_22.682663149245315,33.55387496948242,0,LV-0203|_|false|_|#ffffff|_|
text,885.809602091754_30.905523402112834,19.767177341288857,0,????|_|false|_|#FFCC00|_|LV-0203
text,831.3451572059425_13.12125509538842,33.55390930175781,0,PV-0210|_|false|_|#ffffff|_|
text,838.2435397669414_21.34411534825594,19.767177341288857,0,????|_|false|_|#FFCC00|_|PV-0210
text,888.034611568758_98.46445307689632,33.55387496948242,0,LV-1203|_|false|_|#ffffff|_|
text,901.9329941297568_108.68731332976384,19.767177341288857,0,????|_|false|_|#FFCC00|_|LV-1203
text,860.4598289202088_191.22462535834813,29.45777465022808,0,PI-0217|_|false|_|#ffffff|_|
text,862.9055993073385_198.4976577479776,17.372171688755202,0,????|_|false|_|#FFCC00|_|PI-0217
text,926.5157046234286_118.64226362801433,32.68744659423828,0,TIR-0301|_|false|_|#ffffff|_|
text,933.5176844780332_128.3942434826189,19.315628510248075,0,????|_|false|_|#FFCC00|_|TIR-0301
text,969.5337777263506_122.69724950581087,28.601510412069114,0,PV-0301|_|false|_|#ffffff|_|
text,973.5357575809552_131.44922936041544,19.315628510248075,0,????|_|false|_|#FFCC00|_|PV-0301
text,973.9581725449103_175.44759861569412,28.601516723632812,0,PV-1301|_|false|_|#ffffff|_|
text,978.4601523995149_183.1995784702987,19.315628510248075,0,????|_|false|_|#FFCC00|_|PV-1301
text,1003.4350506893097_122.51178509627408,28.601551055908203,0,PI-0302|_|false|_|#ffffff|_|
text,1007.4370305439143_131.26376495087865,19.315628510248075,0,????|_|false|_|#FFCC00|_|PI-0302
text,1060.1619518695056_187.53615245061343,28.60161781311035,0,LV-0303|_|false|_|#ffffff|_|
text,1064.1639317241102_196.28813230521803,19.315628510248075,0,????|_|false|_|#FFCC00|_|LV-0303
text,966.8271962121612_201.1976188194225,28.60161781311035,0,LV-0301|_|false|_|#ffffff|_|
text,970.8291760667657_209.9495986740271,19.315628510248075,0,????|_|false|_|#FFCC00|_|LV-0301
text,875.4237962275898_257.69084733998614,33.666011810302734,0,TIR-1230|_|false|_|#ffffff|_|
text,885.7535756696062_265.9906736671734,17.354103849040484,0,????|_|false|_|#FFCC00|_|TIR-1230
text,892.112304106837_276.46348816447914,28.60161781311035,0,TI-0303|_|false|_|#ffffff|_|
text,896.1142839614415_285.2154680190837,19.315628510248075,0,????|_|false|_|#FFCC00|_|TI-0303
text,885.8837991360897_217.05156043552898,33.666034478309136,0,FIQ-0227|_|false|_|#ffffff|_|
text,899.8295695232194_226.32459282515845,17.372171688755202,0,????|_|false|_|#FFCC00|_|FIQ-0227
text,930.8740662070675_334.60630111477195,28.60161781311035,0,PI-0703|_|false|_|#ffffff|_|
text,934.876046061672_343.8582809693765,19.315628510248075,0,????|_|false|_|#FFCC00|_|PI-0703
text,966.1429895304296_334.7675839561294,28.60161781311035,0,TI-0703|_|false|_|#ffffff|_|
text,970.6449693850342_343.5195638107339,19.315628510248075,0,????|_|false|_|#FFCC00|_|TI-0703
text,969.70438000075_283.18471670581977,28.60161781311035,0,LV-0302|_|false|_|#ffffff|_|
text,975.2063598553545_292.93669656042437,19.315628510248075,0,????|_|false|_|#FFCC00|_|LV-0302
text,1099.9566853211586_308.3598004846797,28.601551055908203,0,PV-0303|_|false|_|#ffffff|_|
text,1105.9586651757631_317.1117803392843,19.315628510248075,0,????|_|false|_|#FFCC00|_|PV-0303
text,1044.7669384604524_279.52851675712463,36.77342139450613,0,FIRC-1301|_|false|_|#ffffff|_|
text,1053.268918315057_287.28049661172923,19.315628510248075,0,????|_|false|_|#FFCC00|_|FIRC-1301
text,1022.895445014103_300.75680086194825,28.60161781311035,0,PI-0304|_|false|_|#ffffff|_|
text,1027.3974248687075_308.0087807165528,19.315628510248075,0,????|_|false|_|#FFCC00|_|PI-0304
text,1054.909452492271_300.71750616676024,32.68751525878906,0,TIR-0302|_|false|_|#ffffff|_|
text,1059.9114323468755_308.4694860213648,19.315628510248075,0,????|_|false|_|#FFCC00|_|TIR-0302
text,1026.467834868201_333.4406569779595,33.665977478027344,0,FIQ-0301|_|false|_|#ffffff|_|
text,1035.4136052553308_341.71368936758904,17.372171688755202,0,????|_|false|_|#FFCC00|_|FIQ-0301
text,778.2848931780267_293.368108418825,33.666034478309136,0,TIR-0230|_|false|_|#ffffff|_|
text,787.114672620043_302.1679347460122,17.354103849040484,0,????|_|false|_|#FFCC00|_|TIR-0230
text,744.8644317182764_293.203300104448,29.45777465022808,0,PI-0222|_|false|_|#ffffff|_|
text,755.3102021054061_302.4763324940774,17.372171688755202,0,????|_|false|_|#FFCC00|_|PI-0222
text,702.0985276468396_285.62974969012544,28.67926788330078,0,KV-1203|_|false|_|#ffffff|_|
text,707.6005075014441_293.88172954473004,19.315628510248075,0,????|_|false|_|#FFCC00|_|KV-1203
text,805.3212464516355_273.54970871423,33.666034478309136,0,TIR-0228|_|false|_|#ffffff|_|
text,815.1510258936519_280.8495350414172,17.354103849040484,0,????|_|false|_|#FFCC00|_|TIR-0228
text,815.8751994664159_298.6552174464376,33.666011810302734,0,PIR-0220|_|false|_|#ffffff|_|
text,824.2049789084323_307.45504377362477,17.354103849040484,0,????|_|false|_|#FFCC00|_|PIR-0220
text,497.28478208199977_510.79902663243263,30.17227021809611,0,FIRC-1214|_|false|_|#ffffff|_|
text,502.99559879271555_516.844748182229,14.837714195565695,0,????|_|false|_|#FFCC00|_|FIRC-1214
text,530.1179071823967_502.9341681088903,30.17230796813965,0,FIRC-0214|_|false|_|#ffffff|_|
text,531.8287238931125_509.9798591411085,14.837714195565695,0,????|_|false|_|#FFCC00|_|FIRC-0214
text,518.5200592467365_535.0806341894142,30.17230796813965,0,FIRC-6402|_|false|_|#ffffff|_|
text,524.2308759574523_543.6263252216324,14.837714195565695,0,????|_|false|_|#FFCC00|_|FIRC-6402
text,630.5036012440313_518.1771037827943,28.3297061920166,0,PIR-0229|_|false|_|#ffffff|_|
text,636.3333806860477_524.2467053194353,14.99993230223356,0,????|_|false|_|#FFCC00|_|PIR-0229
text,629.8483151921475_480.0745454366865,28.98499779613371,0,PIR-0208|_|false|_|#ffffff|_|
text,636.1780946341639_487.1441469733274,14.99993230223356,0,????|_|false|_|#FFCC00|_|PIR-0208
text,630.069581202158_498.4911772459912,28.97106983383211,0,TIR-0217|_|false|_|#ffffff|_|
text,637.3993606441744_506.2910035731784,14.933952344106842,0,????|_|false|_|#FFCC00|_|TIR-0217
text,630.0639316289884_536.2533070475658,28.971084594726562,0,TIR-0218|_|false|_|#ffffff|_|
text,635.8937110710048_544.0531638923311,14.933952344106842,0,????|_|false|_|#FFCC00|_|TIR-0218
text,524.1900734468115_477.4260125953374,30.17230796813965,0,FIRC-0210|_|false|_|#ffffff|_|
text,529.9008901575273_483.9717036275556,14.837714195565695,0,????|_|false|_|#FFCC00|_|FIRC-0210
text,616.7134902160869_372.8968518348681,25.119822772194308,0,AV-6103|_|false|_|#ffffff|_|
text,585.5611772648691_524.4332225647325,25.361868320606195,0,AV-2065|_|false|_|#ffffff|_|
text,587.387355664479_545.4493612798208,25.36187171936035,0,AV-6401|_|false|_|#ffffff|_|
text,583.6047850370819_497.9604995711451,25.36187171936035,0,AV-2043|_|false|_|#ffffff|_|
text,616.7003567114509_387.398188768698,25.119815826416016,0,AV-6104|_|false|_|#ffffff|_|
text,616.2415914811043_400.9015301250781,25.119815826416016,0,AV-6105|_|false|_|#ffffff|_|
text,616.4261727398741_417.89437524858437,25.119815826416016,0,AV-6106|_|false|_|#ffffff|_|
text,529.043998807335_431.19329161954767,25.119815826416016,0,AV-0621|_|false|_|#ffffff|_|
text,526.0257961473651_452.68248879299654,25.119815826416016,0,AV-2014|_|false|_|#ffffff|_|
text,630.0958132198951_438.8475035931241,25.119815826416016,0,AV-2104|_|false|_|#ffffff|_|
text,489.67349172343324_334.2680551057817,25.1198673248291,0,AV-0619|_|false|_|#ffffff|_|
text,527.7223365573433_341.1106071666643,25.11983299255371,0,AV-0618|_|false|_|#ffffff|_|
text,529.955545201834_316.0186280219166,24.87776778644729,0,KV-1205|_|false|_|#ffffff|_|
text,524.48966891512_383.6588344082949,24.87776778644729,0,KV-0625|_|false|_|#ffffff|_|
text,657.4367219050854_362.37396033556684,24.877761840820312,0,KV-6109|_|false|_|#ffffff|_|
text,562.0113579220194_383.7719019786666,23.467351529990044,0,PV-6102|_|false|_|#ffffff|_|
text,567.7221746327352_395.8175930108848,14.837714195565695,0,????|_|false|_|#FFCC00|_|PV-6102
text,560.8125044050456_408.5922312173319,23.467374801635742,0,PV-0216|_|false|_|#ffffff|_|
text,567.0425816879508_422.0845922185093,14.837714195565695,0,????|_|false|_|#FFCC00|_|PV-0216
text,586.4551274176044_470.57944260937296,25.119815826416016,0,AV-0623|_|false|_|#ffffff|_|
text,564.3589684527259_441.056100891585,28.984987258911133,0,PIR-0207|_|false|_|#ffffff|_|
text,594.1887478947423_441.1257024282259,14.99993230223356,0,????|_|false|_|#FFCC00|_|PIR-0207
text,564.0802344627364_450.9727327008897,28.971050262451172,0,TIR-0216|_|false|_|#ffffff|_|
text,593.4100139047528_450.7725590280769,14.933952344106842,0,????|_|false|_|#FFCC00|_|TIR-0216
text,659.2075510104096_404.02206151223584,33.125816345214844,0,FIRC-6113|_|false|_|#ffffff|_|
text,670.3252373799975_428.0335941803568,16.008075608283775,0,????|_|false|_|#FFCC00|_|FIRC-6114
text,655.6522840550521_419.9522899311409,33.125816345214844,0,FIRC-6114|_|false|_|#ffffff|_|
text,669.76997042464_412.96382259926185,16.008075608283775,0,????|_|false|_|#FFCC00|_|FIRC-6113
text,468.7101407056457_403.7297997291629,28.971084594726562,0,TIR-0601|_|false|_|#000000|_|
text,476.0399201476621_412.02962605635,14.933952344106842,0,????|_|false|_|#FFCC00|_|TIR-0601
text,470.02253008004726_426.25208278570676,28.971084594726562,0,PIR-0601|_|false|_|#000000|_|
text,475.85230952206365_434.0519091128939,14.933952344106842,0,????|_|false|_|#FFCC00|_|PIR-0601
text,469.01627913634707_457.4063206163801,28.971084594726562,0,TIR-0602|_|false|_|#000000|_|
text,477.34605857836345_465.20614694356726,14.933952344106842,0,????|_|false|_|#FFCC00|_|TIR-0602
text,681.7663570420839_377.8833043659477,28.984987258911133,0,WIR-0602|_|false|_|#ffffff|_|
text,694.1857510497206_409.89672868512423,24.877761840820312,0,KV-0608|_|false|_|#ffffff|_|
text,694.2703545842623_421.8189308375886,24.877761840820312,0,KV-0609|_|false|_|#ffffff|_|
text,749.1936565324131_419.90317892474775,24.877727508544922,0,KV-6111|_|false|_|#ffffff|_|
text,759.4574491310394_431.9399119217607,24.877744674682617,0,KV-6110|_|false|_|#ffffff|_|
text,683.3472145726502_488.19674447112084,24.877727508544922,0,KV-0610|_|false|_|#ffffff|_|
text,683.9308693944655_496.85362027535984,24.87772750854492,0,KV-0611|_|false|_|#ffffff|_|
text,750.5308703066947_489.56218586392566,24.87772750854492,0,KV-0612|_|false|_|#ffffff|_|
text,758.8362784204149_525.8259652870344,24.877761840820312,0,KV-0615|_|false|_|#ffffff|_|
text,679.6823710095828_454.0595602119881,28.984987258911133,0,WIR-0603|_|false|_|#ffffff|_|
text,688.5121504515992_460.62916174862903,14.99993230223356,0,????|_|false|_|#FFCC00|_|WIR-0602
text,678.7797951763594_524.1883417495363,28.984987258911133,0,WIR-0604|_|false|_|#ffffff|_|
text,688.6095746183757_531.7579432861772,14.99993230223356,0,????|_|false|_|#FFCC00|_|WIR-0604
text,776.8686893798282_366.4548664602446,25.36187171936035,0,AV-0617|_|false|_|#ffffff|_|
text,756.1677546844304_398.6067609988294,25.36187171936035,0,AV-0616|_|false|_|#ffffff|_|
connection,539.3333129882812_351.9548645019531,193.5_16,0,valve9_5|_|connection_79|_|M8#8_L185.5#8_|_|#000000|_|2|_|193.5#16
valve9,533.567685440408_349.69047444467054,16.44801549,0,undefined
connection,700.25_343,28.25_56,0,separator_2|_|bucket_5|_|M8#8_L8#19.5_L20.25#31.75_L20.25#48_|_|#AAA|_|4|_|28.25#56
bucket,712.3599431518919_365.85994315189185,23.89295542,0,undefined
text,712.5294336219499_380.02943362194986,23.22056638,0,称重罐|_|false|_|#000000|_|
text,714.5715731415173_389.73181848502134,19.35047198,0,V0604|_|false|_|#000000|_|
text,688.0961364841003_385.9529059025886,14.99993230223356,0,????|_|false|_|#FFCC00|_|WIR-0602
separator,685.7773719415735_308.2773719415735,32.47262806,0,undefined
text,698.3449269583427_329.06431589792265,19.35047198,0,V0606|_|false|_|#000000|_|
text,761.0180126826896_501.5278965838918,25.315300305591673,0,PV-6112|_|false|_|#ffffff|_|
text,765.347792124706_508.3182162009514,14.933952344106842,0,????|_|false|_|#FFCC00|_|PV-6112
text,560.231575850805_341.97686005042465,28.9317684173584,0,PIR-1604|_|false|_|#ffffff|_|
text,561.0613552928214_349.76717966748424,14.933952344106842,0,????|_|false|_|#FFCC00|_|PIR-1604
text,1050.2566023372492_561.0029945893377,24.877761840820312,0,KV-0216|_|false|_|#ffffff|_|
text,970.0946736111939_516.8211475914401,24.877761840820312,0,KV-0219|_|false|_|#ffffff|_|
text,965.4236091594662_457.6370919601086,24.877727508544922,0,KV-0218|_|false|_|#ffffff|_|
text,966.9156759943439_430.7416096511498,24.877761840820312,0,KV-0217|_|false|_|#ffffff|_|
text,1039.0488600031567_471.40292423892015,24.877796173095703,0,KV-0215|_|false|_|#ffffff|_|
text,1062.6632899078163_357.98058148252426,24.877796173095703,0,KV-0227|_|false|_|#ffffff|_|
text,970.0757861906618_388.5794080938409,24.877761840820312,0,KV-0226|_|false|_|#ffffff|_|
text,1073.9260841338066_482.7771806025394,24.877796173095703,0,PV-0205|_|false|_|#ffffff|_|
text,854.9175605131496_516.7068178361342,25.361859100538165,0,TI-0702|_|false|_|#ffffff|_|
text,859.747339955166_523.2764193727751,14.99993230223356,0,????|_|false|_|#FFCC00|_|TI-0702
text,857.331060665553_441.66397312911704,25.361906051635742,0,TI-0701|_|false|_|#ffffff|_|
text,863.1608401075694_448.73357466575794,14.99993230223356,0,????|_|false|_|#FFCC00|_|TI-0701
text,867.4208488360819_477.80917106923926,25.36187171936035,0,PI-0702|_|false|_|#ffffff|_|
text,867.2506282780982_484.37877260588016,14.99993230223356,0,????|_|false|_|#FFCC00|_|PI-0702
text,835.8823416306299_477.81864452676274,28.985040917318415,0,FIQ-0701|_|false|_|#ffffff|_|
text,845.7121210726463_484.38824606340364,14.99993230223356,0,????|_|false|_|#FFCC00|_|FIQ-0701
text,840.8608337246252_414.59764453299414,25.36187171936035,0,PI-0701|_|false|_|#ffffff|_|
text,868.1906131666416_415.16724606963504,14.087157829452167,0,????|_|false|_|#FFCC00|_|PI-0701
text,1037.9285389466681_385.2568081320255,25.36187171936035,0,PI-0231|_|false|_|#ffffff|_|
text,1064.7583183886845_384.82640966866643,14.99993230223356,0,????|_|false|_|#FFCC00|_|PI-0231
text,1045.3563633064643_396.3375803913303,24.877796173095703,0,KZ-0228|_|false|_|#ffffff|_|
text,1049.1083981989364_529.141474153832,25.36187171936035,0,PI-0205|_|false|_|#ffffff|_|
text,1054.4381776409527_535.2110756904729,14.99993230223356,0,????|_|false|_|#FFCC00|_|PI-0205
text,975.3965611860204_494.23479653685627,32.60810332380645,0,TIRA-0211|_|false|_|#ffffff|_|
text,985.2263406280368_501.80439807349717,14.99993230223356,0,????|_|false|_|#FFCC00|_|TIRA-0211
text,890.6386319600624_469.67027828242766,24.8777961730957,0,LV-0202|_|false|_|#ffffff|_|
text,896.7777709960938_476.92000272777216,14,0,????|_|false|_|#FFCC00|_|LV-0202
text,1047.0545790408835_507.77154349963973,24.877796173095696,0,LT-1201|_|false|_|#ffffff|_|
text,1053.1937180769148_517.5212679449843,15.08411395433518,0,????|_|false|_|#FFCC00|_|LT-1201
text,920.4809571947454_366.07332053285893,25.361859100538165,0,FV-0220|_|false|_|#ffffff|_|
text,927.3107366367618_373.14292206949983,14.99993230223356,0,????|_|false|_|#FFCC00|_|FV-0220
text,918.5461454228966_412.2760789630901,25.361859100538165,0,FV-0222|_|false|_|#ffffff|_|
text,923.875924864913_418.845680499731,14.99993230223356,0,????|_|false|_|#FFCC00|_|FV-0222
text,849.3771153524574_385.1289935641765,25.361859100538165,0,LV-1201|_|false|_|#ffffff|_|
text,856.2068947944738_392.1985951008174,14.99993230223356,0,????|_|false|_|#FFCC00|_|LV-1201
text,903.9014200117836_399.31052964183505,25.361859100538165,0,LV-0201|_|false|_|#ffffff|_|
text,929.7311994538_398.8706098985756,16.046571542293805,0,????|_|false|_|#FFCC00|_|LV-0201
text,993.148432018873_399.96313332675504,25.361859100538165,0,LI-1201|_|false|_|#ffffff|_|
text,1001.4782114608894_412.53273486339594,14.99993230223356,0,????|_|false|_|#FFCC00|_|LI-1201
text,981.924338106516_441.6211011696415,32.60810089111328,0,TIRA-0210|_|false|_|#ffffff|_|
text,1000.2541175485323_449.6907027062824,15.5236534475614,0,????|_|false|_|#FFCC00|_|TIRA-0210
text,902.5750632731149_434.3650068326743,32.60810089111328,0,FIRC-0221|_|false|_|#ffffff|_|
text,940.4048427151313_434.9346083693152,15.5236534475614,0,????|_|false|_|#FFCC00|_|FIRC-0221
text,946.4360085276036_412.2502889477388,32.60810089111328,0,FIRC-0222|_|false|_|#ffffff|_|
text,955.2777709960938_418.81254054674184,14.511670421087615,0,????|_|false|_|#FFCC00|_|FIRC-0222
svg,0,1140px_586px,0,0
